Symbol,Name,Last,"YTD %Chg",Beta,"Earnings ttm",Sales(a),"Net Income(a)","Market Cap","10Y %Chg","52W %Chg",Time,Industry,"Div Yield(a)",Sector
A,"Agilent Technologies",131.49,-5.42%,1.05,5.21,6833000000,1240000000,37706052000,+233.01%,+29.97%,2024-10-30,"Electronic Test Equipment",0.72%,"Computers and Technology"
AAPL,"Apple Inc",230.1,+19.51%,1.24,6.57,383285000000,96995000000,3552750720000,+752.22%,+35.12%,2024-10-30,"Computer - Micro",0.42%,"Computers and Technology"
ABBV,"Abbvie Inc",201.5,+30.03%,0.63,10.7,54318000000,4863000000,334633856000,+217.52%,+42.01%,2024-10-30,"Large Cap Pharma",3.27%,Medical
ABNB,"Airbnb Inc Cl A",136.5,+0.26%,1.17,4.42,9917000000,4792000000,88402808000,N/A,+16.72%,2024-10-30,"Leisure & Recreation Services",0.00%,"Consumer Discretionary"
ABT,"Abbott Laboratories",114.45,+3.98%,0.72,4.52,40109000000,5723000000,197304320000,+162.56%,+23.06%,2024-10-30,"Medical Products",1.94%,Medical
ACGL,"Arch Capital Grp Ltd",105.14,+41.56%,0.59,9.82,13634000000,4443000000,39410880000,+460.05%,+26.86%,2024-10-30,"Insurance - Proprty & Casualty",0.00%,Finance
ACN,"Accenture Plc",346.57,-1.24%,1.25,11.96,64896460000,7264790000,226959184000,+327.23%,+18.40%,2024-10-30,"IT Services",1.47%,"Computers and Technology"
ADBE,"Adobe Systems Inc",486.68,-18.42%,1.29,14.49,19409000000,5428000000,213668704000,+594.07%,-7.64%,2024-10-30,"Computer - Software",0.00%,"Computers and Technology"
ADI,"Analog Devices",230.12,+15.89%,1.07,6.72,12305540000,3314580000,116790048000,+363.76%,+47.63%,2024-10-30,"Semi Analog & Mixed",1.54%,"Computers and Technology"
ADM,"Archer Daniels Midland",55.53,-23.11%,0.72,5.48,93935000000,3483000000,26928958000,+18.15%,-22.25%,2024-10-30,"Agriculture Operations",3.46%,"Consumer Staples"
ADP,"Automatic Data Procs",292.78,+25.67%,0.79,9.18,19202600000,3752000000,117433504000,+258.01%,+35.50%,2024-10-30,Outsourcing,1.94%,"Business Services"
ADSK,"Autodesk Inc",288.82,+18.62%,1.48,5.48,5497000000,906000000,62276900000,+401.95%,+46.02%,2024-10-30,"Computer - Software",0.00%,"Computers and Technology"
AEE,"Ameren Corp",86.61,+19.73%,0.45,4.42,7500000000,1152000000,22936288000,+104.56%,+15.42%,2024-10-30,"Utility - Electric Power",3.07%,Utilities
AEP,"American Electric Power Company",97.4,+19.92%,0.54,5.52,18982300000,2208100000,51823164000,+66.95%,+29.16%,2024-10-30,"Utility - Electric Power",3.61%,Utilities
AES,"The Aes Corp",16.42,-14.70%,1.07,2.21,12668000000,249000000,11744465000,+16.70%,+9.83%,2024-10-30,"Utility - Electric Power",4.13%,Utilities
AFL,"Aflac Inc",110.09,+33.44%,0.95,6.58,18701000000,4659000000,61602860000,+268.63%,+42.24%,2024-10-30,"Insurance - Accident & Health",1.75%,Finance
AIG,"American International Group",76.84,+13.42%,1.06,6.33,46802000000,3643000000,49365284000,+43.44%,+25.97%,2024-10-30,"Insurance - Multi Line",1.98%,Finance
AIZ,"Assurant Inc",195.07,+15.78%,0.57,17.73,11131600000,642500000,10024534000,+185.94%,+33.22%,2024-10-30,"Insurance - Multi Line",1.49%,Finance
AJG,"Arthur J. Gallagher & Company",284.48,+26.50%,0.72,9.86,10071900000,969500000,62469796000,+496.39%,+21.71%,2024-10-30,"Insurance - Brokers",0.82%,Finance
AKAM,"Akamai Technologies",101.85,-13.94%,0.68,4.36,3811920000,547630000,15601118000,+68.91%,-0.70%,2024-10-30,"Internet - Services",0.00%,"Computers and Technology"
ALB,"Albemarle Corp",95.52,-33.89%,1.54,4.89,9617200000,1573480000,11359564000,+63.62%,-25.03%,2024-10-30,"Chemical - Diversified",1.66%,"Basic Materials"
ALGN,"Align Technology",210.86,-23.04%,1.64,7,3862260000,445050000,15894026000,+300.72%,+12.92%,2024-10-30,"Medical - Dental Suppliers",0.00%,Medical
ALL,"Allstate Corp",189.44,+35.33%,0.48,13.37,57094000000,-188000000.,49262128000,+192.12%,+50.98%,2024-10-30,"Insurance - Proprty & Casualty",1.96%,Finance
ALLE,"Allegion Plc",139.05,+9.76%,1.12,7.35,3650800000,540400000,12150936000,+161.91%,+42.31%,2024-10-30,"Protection - Safety",1.35%,"Industrial Products"
AMAT,"Applied Materials",185.3,+14.33%,1.54,8.46,26517000000,6856000000,156735680000,+738.84%,+41.42%,2024-10-30,"Semi-Eqpt Wafer Fabrication",0.76%,"Computers and Technology"
AMCR,"Amcor Plc",11.06,+14.73%,0.85,0.71,13640000000,730000000,15797600000,+12.40%,+24.83%,2024-10-30,"Containers - Paper Products",4.57%,"Industrial Products"
AMD,"Adv Micro Devices",148.6,+0.81%,1.7,2.05,22680000000,854000000,269072640000,"+5,207.14%",+54.50%,2024-10-30,"Computer - Integrated Systems",0.00%,"Computers and Technology"
AME,"Ametek Inc",168.91,+2.44%,1.17,6.62,6596950000,1313190000,38779964000,+223.89%,+20.55%,2024-10-30,"Electronic Test Equipment",0.65%,"Computers and Technology"
AMGN,"Amgen Inc",315.54,+9.55%,0.61,18.6,28190000000,6717000000,169795968000,+94.56%,+19.89%,2024-10-30,"Medical - Biomedical",2.81%,Medical
AMP,"Ameriprise Financial Services",514.04,+35.33%,1.35,33.5,15535000000,2556000000,50695964000,+307.42%,+62.75%,2024-10-30,"Finance - Investment Mgmt",1.10%,Finance
AMT,"American Tower Corp",213.48,-1.11%,0.83,5.32,11144200000,1483300000,99446432000,+118.95%,+23.66%,2024-10-30,"REIT - Equity Trust Other",3.08%,Finance
AMTM,"Amentum Holdings Inc",30.12,N/A,N/A,0,5536000000,233000000,7681888000,N/A,N/A,2024-10-30,"Engineering & R&D Services",0.00%,"Industrial Products"
AMZN,"Amazon.com Inc",192.73,+26.85%,1.14,4.22,574785000000,30425000000,2002868960000,"+1,161.90%",+45.23%,2024-10-30,"Internet Commerce",0.00%,Retail-Wholesale
ANET,"Arista Networks Inc",396,+68.15%,1.07,7.16,5860170000,2087320000,126154432000,"+1,849.54%",+125.36%,2024-10-30,"Communications Components",0.00%,"Computers and Technology"
ANSS,"Ansys Inc",328.57,-9.45%,1.11,7.02,2269950000,500410000,28698764000,+318.24%,+19.42%,2024-10-30,"Computer - Software",0.00%,"Computers and Technology"
AON,"AON Plc",369.47,+26.96%,0.92,15.2,13376000000,2564000000,80223880000,+329.62%,+19.65%,2024-10-30,"Insurance - Brokers",0.70%,Finance
AOS,"Smith A.O. Corp",75.91,-7.92%,1.15,3.85,3852800000,556600000,11135265000,+184.57%,+9.24%,2024-10-30,"Machinery - Electrical",1.68%,"Industrial Products"
APA,"Apa Corp",23.47,-34.59%,3.23,4.43,8192000000,2855000000,8622486000,-69.60%,-40.85%,2024-10-30,"Oil - US Exploration & Product",4.29%,Oils-Energy
APD,"Air Products and Chemicals",312.77,+14.23%,0.82,12.02,12600000000,2300200000,70095600000,+132.27%,+11.43%,2024-10-30,"Chemical - Diversified",2.24%,"Basic Materials"
APH,"Amphenol Corp",68.36,+37.92%,1.24,1.74,12554700000,1928000000,83042624000,+440.61%,+70.94%,2024-10-30,"Electronics - Connectors",0.72%,"Computers and Technology"
APTV,"Aptiv Plc",69.07,-23.02%,1.79,5.44,20051000000,2938000000,18377304000,+19.16%,-20.05%,2024-10-30,"Technology Services",0.00%,"Business Services"
ARE,"Alexandria Real Estate Equities",113.41,-10.54%,1.16,1.64,2885700000,103640000,19512176000,+36.64%,+21.91%,2024-10-30,"REIT - Equity Trust Other",4.60%,Finance
ATO,"Atmos Energy Corp",139.62,+20.47%,0.68,6.81,4275360000,885860000,21802476000,+163.43%,+31.17%,2024-10-30,"Utility - Gas Distribution",2.29%,Utilities
AVB,"Avalonbay Communities",227.76,+21.65%,0.97,5.91,2767910000,928830000,32371432000,+46.15%,+40.03%,2024-10-30,"REIT - Equity Trust Resident",2.97%,Finance
AVGO,"Broadcom Ltd",176.64,+58.24%,1.17,3.73,35819000000,14082000000,834340736000,"+1,948.00%",+109.97%,2024-10-30,"Electronics - Semiconductors",1.17%,"Computers and Technology"
AVY,"Avery Dennison Corp",207.76,+2.77%,0.88,9.2,8364300000,503000000,16602211000,+343.46%,+20.35%,2024-10-30,"Office Supply & Forms",1.64%,"Industrial Products"
AWK,"American Water Works",135.69,+2.80%,0.69,4.91,4234000000,944000000,26462398000,+154.24%,+16.26%,2024-10-30,"Utility - Water Supply",2.17%,Utilities
AXON,"Axon Enterprise Inc",439,+69.94%,0.94,2.1,1563390000,174230000,33554852000,"+2,230.15%",+117.62%,2024-10-30,"Protection - Safety",0.00%,"Industrial Products"
AXP,"American Express Company",274.08,+46.30%,1.21,12.93,67364000000,8374000000,190503056000,+204.70%,+91.30%,2024-10-30,"Finance - Misc Services",1.00%,Finance
AZO,Autozone,3017.98,+16.72%,0.7,146.24,18490270000,2662430000,52289184000,+445.23%,+22.20%,2024-10-30,"Retail - Wholesale Auto Parts",0.00%,Retail-Wholesale
BA,"Boeing Company",154.29,-40.81%,1.57,-14.94,77794000000,-2222000000.,94572384000,+23.52%,-15.39%,2024-10-30,"Aerospace - Defense",0.00%,Aerospace
BAC,"Bank of America Corp",42.31,+25.66%,1.33,3.17,171912000000,26515000000,330014848000,+146.56%,+64.69%,2024-10-30,"Finance - Investment Brokers",2.30%,Finance
BALL,"Ball Corporation",64.19,+11.60%,0.88,3.03,14029000000,707000000,19212628000,+99.26%,+33.98%,2024-10-30,"Containers - Metal & Glass",1.26%,"Industrial Products"
BAX,"Baxter International Inc",35.86,-7.24%,0.59,2.89,14813000000,2656000000,18361308000,-5.93%,+11.92%,2024-10-30,"Medical Products",3.22%,Medical
BBY,"Best Buy Company",90.41,+15.50%,1.46,6.55,43452000000,1241000000,19318808000,+164.82%,+40.19%,2024-10-30,"Retail - Consumer Electronics",4.16%,Retail-Wholesale
BDX,"Becton Dickinson and Company",236.61,-2.96%,0.42,12.77,19372000000,1484000000,68650360000,+83.85%,-5.77%,2024-10-30,"Medical - Dental Suppliers",1.60%,Medical
BEN,"Franklin Resources",20.89,-29.88%,1.39,2.65,7849400000,882800000,10894048000,-62.43%,-7.20%,2024-10-30,"Finance - Investment Mgmt",5.95%,Finance
BF.B,"Brown Forman Inc Cl B",45.44,-20.42%,0.75,2.07,4178000000,1024000000,22087450000,+22.59%,-17.73%,2024-10-30,"Beverages - Alcohol",1.86%,"Consumer Staples"
BG,"Bunge Ltd",85.86,-14.95%,0.64,11.46,59540000000,2243000000,12442624000,-3.15%,-19.35%,2024-10-30,"Agriculture Products",3.06%,"Basic Materials"
BIIB,"Biogen Inc",181.18,-29.98%,-0.06,16.26,9835600000,1161100000,26724608000,-38.74%,-23.62%,2024-10-30,"Medical - Biomedical",0.00%,Medical
BK,"Bank of New York Mellon Corp",75.93,+45.88%,1.08,5.6,33805000000,3286000000,56498064000,+96.10%,+79.33%,2024-10-30,"Banks - Major Regional",2.32%,Finance
BKNG,"Booking Holdings Inc",4463.93,+25.84%,1.4,166.61,21365000000,4289000000,148428816000,+270.08%,+60.10%,2024-10-30,"Internet Commerce",0.59%,Retail-Wholesale
BKR,"Baker Hughes Company",37.49,+9.68%,1.38,2.18,25506000000,1943000000,36846096000,+1.76%,+7.24%,2024-10-30,"Oil - Field Services",2.24%,Oils-Energy
BLDR,"Builders Firstsource",172.88,+3.56%,2.06,13.94,17097330000,1540560000,19983508000,"+2,815.35%",+61.19%,2024-10-30,"Building Prds Retail - Wsale",0.00%,Retail-Wholesale
BLK,"Blackrock Inc",979.87,+20.70%,1.3,41.29,17859000000,5502000000,145635008000,+187.26%,+61.40%,2024-10-30,"Finance - Investment Mgmt",2.06%,Finance
BMY,"Bristol-Myers Squibb Company",52.66,+2.63%,0.46,1.37,45006000000,8025000000,106438240000,-9.50%,+2.75%,2024-10-30,"Medical - Biomedical",4.57%,Medical
BR,"Broadridge Financial Solutions Llc",212.5,+3.28%,1.05,7.74,6506800000,698100000,24856978000,+383.72%,+25.39%,2024-10-30,Outsourcing,1.54%,"Business Services"
BRK.B,"Berkshire Hathaway Cl B",454.96,+27.56%,0.86,19.45,364482000000,96223000000,979725568000,+224.60%,+34.84%,2024-10-30,"Insurance - Proprty & Casualty",0.00%,Finance
BRO,"Brown & Brown",105.83,+48.83%,0.83,3.36,4257100000,870500000,29963816000,+564.34%,+53.67%,2024-10-30,"Insurance - Brokers",0.50%,Finance
BSX,"Boston Scientific Corp",83.99,+45.29%,0.8,2.36,14240000000,1591000000,124525248000,+532.45%,+67.81%,2024-10-30,"Medical Products",0.00%,Medical
BWA,"Borgwarner Inc",33.55,-6.42%,1.2,4.1,14198000000,625000000,7794256000,-41.16%,-8.61%,2024-10-30,"Auto - Truck Original Parts",1.29%,Auto-Tires-Trucks
BX,"Blackstone Inc",171.54,+31.03%,1.51,4.06,8022840000,1390880000,122276280000,+469.52%,+85.69%,2024-10-30,"Finance - Misc Services",2.03%,Finance
BXP,"Bxp Inc",82.75,+17.93%,1.18,1.07,3273570000,190220000,13536916000,-34.71%,+55.22%,2024-10-30,"REIT - Equity Trust Other",4.55%,Finance
C,"Citigroup Inc",64.5,+25.39%,1.44,5.45,156820000000,9228000000,123415272000,+20.49%,+65.68%,2024-10-30,"Finance - Investment Brokers",3.32%,Finance
CAG,"Conagra Brands Inc",29.43,+2.69%,0.32,2.54,12050900000,347200000,14046145000,+10.09%,+8.08%,2024-10-30,"Food - Misc & Diversified",4.76%,"Consumer Staples"
CAH,"Cardinal Health",107.89,+7.03%,0.6,7.47,226827000000,852000000,26630338000,+37.47%,+18.51%,2024-10-30,"Medical - Dental Suppliers",1.83%,Medical
CARR,"Carrier Global Corp",73.6,+28.11%,1.32,2.85,22098000000,1349000000,66933128000,N/A,+55.37%,2024-10-30,"Electronics Products - Misc",1.02%,"Computers and Technology"
CAT,"Caterpillar Inc",379.24,+28.26%,1.1,22.34,67060000000,10335000000,187902848000,+273.97%,+56.61%,2024-10-30,"Machinery - Construct & Mining",1.40%,"Industrial Products"
CB,"Chubb Ltd",283.64,+25.50%,0.66,24.04,49735000000,9028000000,116067584000,+159.51%,+32.73%,2024-10-30,"Insurance - Proprty & Casualty",1.23%,Finance
CBOE,"CBOE Global Markets Inc",209.62,+17.39%,0.67,8.42,3773500000,761400000,22204382000,+255.65%,+28.21%,2024-10-30,"Securities Exchanges",1.07%,Finance
CBRE,"CBRE Group Inc",132.02,+41.82%,1.4,4.17,31949000000,986000000,40060816000,+312.56%,+95.59%,2024-10-30,"Real Estate Operations",0.00%,Finance
CCI,"Crown Castle Inc",107.81,-6.41%,0.85,2.82,6981000000,1502000000,46329184000,+38.01%,+19.55%,2024-10-30,"REIT - Equity Trust Other",5.87%,Finance
CCL,"Carnival Corp",22.16,+19.53%,2.69,1.17,21593000000,-75000000.,25507048000,-44.81%,+94.39%,2024-10-30,"Leisure & Recreation Services",0.00%,"Consumer Discretionary"
CDNS,"Cadence Design Sys",290,+6.47%,1.02,3.88,4089990000,1041140000,77888104000,"+1,515.60%",+24.08%,2024-10-30,"Computer - Software",0.00%,"Computers and Technology"
CDW,"CDW Corp",195.06,-14.19%,1.03,9.35,21376000000,1104300000,29373362000,+532.49%,-1.01%,2024-10-30,"IT Services",1.13%,"Computers and Technology"
CE,"Celanese Corp",127.02,-18.25%,1.3,9.2,10940000000,1960000000,13863415000,+116.28%,+11.15%,2024-10-30,"Chemical - Specialty",1.66%,"Basic Materials"
CEG,"Constellation Energy Corp",261.78,+123.95%,0.73,5.65,24918000000,1623000000,82862584000,N/A,+131.60%,2024-10-30,"Other Alt Energy",0.51%,Oils-Energy
CF,"Cf Industries Holdings",81.78,+2.87%,0.95,5.67,6631000000,1525000000,14678321000,+57.27%,+0.68%,2024-10-30,Fertilizers,2.34%,"Basic Materials"
CFG,"Citizens Financial Group Inc/Ri",42.7,+28.85%,1.07,2.56,12187000000,1608000000,18799082000,+80.78%,+82.56%,2024-10-30,"Finance - Savings & Loan",3.98%,Finance
CHD,"Church & Dwight Company",100.52,+6.30%,0.54,3.28,5867900000,755600000,24635732000,+177.64%,+10.75%,2024-10-30,"Soap and Cleaning Products",1.12%,"Consumer Staples"
CHRW,"C.H. Robinson Ww",109.64,+26.91%,0.82,3.35,17596440000,325130000,12666562000,+58.42%,+36.00%,2024-10-30,"Transportation - Services",2.27%,Transportation
CHTR,"Charter Communications Inc",331.3,-14.76%,1.05,31.36,54607000000,4557000000,46714844000,+109.17%,-15.01%,2024-10-30,"Cable TV",0.00%,"Consumer Discretionary"
CI,"The Cigna Group",312.89,+4.49%,0.5,26.75,195265000000,5164000000,86165392000,+214.24%,+2.51%,2024-10-30,"Medical - HMO",1.76%,Medical
CINF,"Cincinnati Financial",143.44,+38.64%,0.66,6.71,10013000000,1843000000,22196730000,+184.21%,+43.01%,2024-10-30,"Insurance - Proprty & Casualty",2.24%,Finance
CL,"Colgate-Palmolive Company",94.66,+18.76%,0.4,3.55,19457000000,2300000000,77387280000,+41.54%,+28.13%,2024-10-30,"Soap and Cleaning Products",2.09%,"Consumer Staples"
CLX,"Clorox Company",156.51,+9.76%,0.41,6.18,7093000000,280000000,19425276000,+57.30%,+34.29%,2024-10-30,"Soap and Cleaning Products",3.09%,"Consumer Staples"
CMCSA,"Comcast Corp A",42.24,-3.67%,1.01,4.17,121572000000,15389000000,162916112000,+52.63%,+4.43%,2024-10-30,"Cable TV",2.90%,"Consumer Discretionary"
CME,"CME Group Inc",227.26,+7.91%,0.55,10.11,5578900000,3226200000,81774200000,+171.16%,+7.54%,2024-10-30,"Securities Exchanges",4.32%,Finance
CMG,"Chipotle Mexican Grill",55.73,+21.84%,1.25,1.05,9871650000,1228740000,82839608000,+336.76%,+45.94%,2024-10-30,"Retail - Restaurants",0.00%,Retail-Wholesale
CMI,"Cummins Inc",331.84,+38.51%,0.98,19.23,34065000000,735000000,45382080000,+127.01%,+52.46%,2024-10-30,"Engines - Internal Combustion",2.07%,Auto-Tires-Trucks
CMS,"Cms Energy Corp",70.11,+20.73%,0.41,3.29,7462000000,887000000,20767638000,+114.60%,+29.62%,2024-10-30,"Utility - Electric Power",2.92%,Utilities
CNC,"Centene Corp",61.78,-16.75%,0.48,6.75,153999000000,2702000000,31887940000,+166.67%,-9.09%,2024-10-30,"Medical - HMO",0.00%,Medical
CNP,"Centerpoint Energy Inc",29.26,+2.42%,0.92,1.63,8696000000,917000000,18893088000,+19.19%,+8.81%,2024-10-30,"Utility - Electric Power",2.72%,Utilities
COF,"Capital One Financial Corp",166.77,+27.19%,1.44,13.1,49484000000,4887000000,62238712000,+101.49%,+65.87%,2024-10-30,"Finance - Consumer Loans",1.47%,Finance
COO,"Cooper Companies",105.2,+11.19%,0.98,3.53,3593200000,294200000,20817778000,+156.74%,+35.94%,2024-10-30,"Medical - Dental Suppliers",0.00%,Medical
COP,Conocophillips,102.98,-11.28%,1.21,8.57,58574000000,10957000000,118819104000,+42.73%,-12.83%,2024-10-30,"Oil - US Integrated",2.85%,Oils-Energy
COR,"Cencora Inc",229.48,+11.73%,0.44,13.28,262173410000,1745290000,45669584000,+168.68%,+23.77%,2024-10-30,"Medical Services",0.88%,Medical
COST,"Costco Wholesale",879.09,+33.18%,0.8,16.12,254453000000,7367000000,393002208000,+559.14%,+58.43%,2024-10-30,"Retail - Discount",0.52%,Retail-Wholesale
CPAY,"Corpay Inc",331.88,+17.43%,1.22,16.47,3757720000,981890000,23053140000,+120.43%,+49.12%,2024-10-30,"Financial Transaction Services",0.00%,"Business Services"
CPB,"Campbell Soup Company",46.68,+7.98%,0.18,3.09,9636000000,567000000,13916524000,+5.68%,+15.54%,2024-10-30,"Food - Misc & Diversified",3.17%,"Consumer Staples"
CPRT,"Copart Inc",52.3,+6.73%,1.27,1.39,4236820000,1363020000,50268912000,"+1,151.20%",+21.29%,2024-10-30,"Auction Valuation Services",0.00%,"Business Services"
CPT,"Camden Property Trust",117.36,+18.20%,0.9,3.64,1542030000,403310000,12521081000,+53.07%,+39.83%,2024-10-30,"REIT - Equity Trust Resident",3.48%,Finance
CRL,"Charles River Laboratories Intl",181.39,-23.27%,1.36,10.25,4129410000,474620000,9500104000,+187.19%,+10.25%,2024-10-30,"Medical Services",0.00%,Medical
CRM,"Salesforce Inc",296.4,+12.64%,1.3,7.22,34857000000,4136000000,285738848000,+363.20%,+48.74%,2024-10-30,"Computer - Software",0.40%,"Computers and Technology"
CRWD,"Crowdstrike Holdings Inc",307.45,+20.42%,1.1,0.84,3055560000,89330000,76219480000,N/A,+76.08%,2024-10-30,"Internet - Software",0.00%,"Computers and Technology"
CSCO,"Cisco Systems Inc",55.59,+10.04%,0.83,3.13,53803000000,10320000000,222204144000,+127.18%,+7.80%,2024-10-30,"Computer - Networks",2.86%,"Computers and Technology"
CSGP,"Costar Group Inc",73.46,-15.94%,0.81,0.65,2455000000,374700000,30025470000,+356.02%,+3.77%,2024-10-30,"IT Services",0.00%,"Computers and Technology"
CSX,"CSX Corp",33.54,-3.26%,1.19,1.86,14657000000,3715000000,64119928000,+182.40%,+14.08%,2024-10-30,"Transportation - Rail",1.41%,Transportation
CTAS,"Cintas Corp",207.85,+37.96%,1.32,3.96,9596620000,1571590000,84345952000,"+1,035.17%",+65.35%,2024-10-30,"Uniform & Related",0.67%,"Industrial Products"
CTLT,"Catalent Inc",58.97,+31.25%,1.15,-0.11,4381000000,-1043000000.,10647494000,+126.55%,+47.72%,2024-10-30,"Medical - Drugs",0.00%,Medical
CTRA,"Coterra Energy Inc",24.13,-5.45%,0.22,1.81,5914000000,1625000000,17602114000,-22.41%,-11.71%,2024-10-30,"Oil - US Exploration & Product",3.49%,Oils-Energy
CTSH,"Cognizant Tech Sol",74.35,-1.56%,1.05,4.63,19353000000,2126000000,37432088000,+52.20%,+16.63%,2024-10-30,"Business Software Services",1.58%,"Computers and Technology"
CTVA,"Corteva Inc",61.57,+28.48%,0.77,2.64,17226000000,735000000,42081696000,N/A,+27.69%,2024-10-30,"Agriculture Operations",1.07%,"Consumer Staples"
CVS,"CVS Corp",56.39,-28.58%,0.54,7.47,357776000000,8344000000,70761320000,-34.29%,-17.09%,2024-10-30,"Retail - Drug Stores",4.73%,Retail-Wholesale
CVX,"Chevron Corp",148.05,-0.74%,1.09,11.98,200949000000,21369000000,271630752000,+23.43%,+1.34%,2024-10-30,"Oil - International Integrated",4.31%,Oils-Energy
CZR,"Caesars Entertainment Inc",41.56,-11.34%,2.97,-0.55,11528000000,786000000,9795784000,+908.86%,+3.68%,2024-10-30,"Leisure & Recreation Services",0.00%,"Consumer Discretionary"
D,"Dominion Energy Inc",58.45,+24.36%,0.6,2.16,14393000000,1994000000,49178544000,-18.02%,+46.13%,2024-10-30,"Utility - Electric Power",4.55%,Utilities
DAL,"Delta Air Lines Inc",58.46,+45.31%,1.35,5.59,58048000000,4609000000,37000412000,+45.31%,+87.19%,2024-10-30,"Transportation - Airline",0.87%,Transportation
DAY,"Dayforce Inc",70.08,+4.41%,1.29,0.96,1513700000,54800000,10327092000,N/A,+10.99%,2024-10-30,"Internet - Software",0.00%,"Computers and Technology"
DD,"Dupont Denemours Inc",83.27,+8.24%,1.34,3.55,12068000000,423000000,34849884000,+18.61%,+14.24%,2024-10-30,"Chemical - Diversified",1.80%,"Basic Materials"
DE,"Deere & Company",404.69,+1.21%,0.92,29.31,61251000000,10166000000,111092552000,+373.10%,+10.03%,2024-10-30,"Machinery - Farm",1.45%,"Industrial Products"
DECK,"Deckers Outdoor Corp",169.52,+52.17%,1.05,5.69,4287760000,759560000,25850102000,"+1,062.95%",+74.00%,2024-10-30,"Retail - Apparel & Shoes",0.00%,Retail-Wholesale
DELL,"Dell Technologies Inc",129.4,+69.15%,0.9,6.32,88425000000,3211000000,85431088000,N/A,+94.79%,2024-10-30,"Computer - Micro",1.40%,"Computers and Technology"
DFS,"Discover Financial Services",154.5,+37.46%,1.41,12.39,20606000000,2940000000,37846596000,+142.24%,+90.41%,2024-10-30,"Finance - Consumer Loans",1.86%,Finance
DG,"Dollar General Corp",78.94,-41.93%,0.44,6.44,38691610000,1661270000,17549218000,+25.96%,-34.18%,2024-10-30,"Retail - Discount",2.96%,Retail-Wholesale
DGX,"Quest Diagnostics Inc",155.93,+13.09%,0.89,8.84,9252000000,854000000,17407476000,+145.71%,+20.49%,2024-10-30,"Medical - Outpatient & Hm Care",1.90%,Medical
DHI,"D.R. Horton",169.29,+11.39%,1.72,14.89,35460400000,4745700000,54519380000,+642.83%,+65.76%,2024-10-30,"Building - Residential & Comm",0.72%,Construction
DHR,"Danaher Corp",242.32,+4.75%,0.83,7.44,23890000000,4764000000,175288928000,+348.76%,+30.91%,2024-10-30,"Conglomerates - Div Operations",0.45%,Conglomerates
DIS,"Walt Disney Company",95.08,+5.31%,1.4,4.64,88898000000,2354000000,174340128000,+4.05%,+17.85%,2024-10-30,"Media Conglomerates",0.78%,"Consumer Discretionary"
DLR,"Digital Realty Trust",182.17,+35.36%,0.6,1.19,5477060000,948840000,59850736000,+164.05%,+49.22%,2024-10-30,"REIT - Equity Trust Other",2.67%,Finance
DLTR,"Dollar Tree Inc",63.31,-55.43%,0.86,5.62,30603800000,-998400000.,13866984000,+4.52%,-42.37%,2024-10-30,"Retail - Discount",0.00%,Retail-Wholesale
DOC,"Healthpeak Properties Inc",22.72,+14.75%,1.14,0.47,2181000000,306010000,15748034000,-48.33%,+42.18%,2024-10-30,"REIT - Equity Trust Other",5.33%,Finance
DOV,"Dover Corp",192.99,+25.47%,1.22,9.03,8438130000,1056830000,26318912000,+200.70%,+50.28%,2024-10-30,"Machinery - General Industrial",1.07%,"Industrial Products"
DOW,"Dow Inc",49.34,-10.03%,1.23,2.14,44622000000,589000000,34640552000,N/A,+2.07%,2024-10-30,"Chemical - Diversified",5.66%,"Basic Materials"
DPZ,"Domino's Pizza Inc",410.02,-0.54%,0.86,16.28,4479360000,519120000,14266551000,+361.79%,+21.05%,2024-10-30,"Retail - Restaurants",1.39%,Retail-Wholesale
DRI,"Darden Restaurants",160.21,-2.49%,1.3,8.86,11390000000,1027600000,19027950000,+209.41%,+11.76%,2024-10-30,"Retail - Restaurants",3.35%,Retail-Wholesale
DTE,"Dte Energy Company",124.14,+12.59%,0.67,7.29,12745000000,1397000000,25666024000,+81.31%,+28.90%,2024-10-30,"Utility - Electric Power",3.29%,Utilities
DUK,"Duke Energy Corp",114,+17.48%,0.46,6.07,29060000000,2841000000,88347640000,+38.77%,+29.69%,2024-10-30,"Utility - Electric Power",3.60%,Utilities
DVA,"Davita Healthcare Partners Inc",141.22,+34.80%,0.87,9.69,12140150000,691540000,13282209000,+80.89%,+84.26%,2024-10-30,"Medical - Outpatient & Hm Care",0.00%,Medical
DVN,"Devon Energy Corp",38.35,-15.34%,2.02,5.63,15258000000,3747000000,23883268000,-36.08%,-16.94%,2024-10-30,"Oil - US Exploration & Product",5.24%,Oils-Energy
DXCM,"Dexcom Inc",71.8,-42.14%,1.18,1.7,3622300000,541500000,28216582000,+538.93%,-15.44%,2024-10-30,"Medical Instruments",0.00%,Medical
EA,"Electronic Arts Inc",149.14,+9.01%,0.79,4.52,7562000000,1273000000,38472804000,+264.02%,+22.94%,2024-10-30,Gaming,0.52%,"Consumer Discretionary"
EBAY,"Ebay Inc",62.63,+43.58%,1.32,3.45,10112000000,2767000000,30694530000,+183.33%,+62.09%,2024-10-30,"Internet Commerce",1.69%,Retail-Wholesale
ECL,"Ecolab Inc",252.6,+27.35%,1.13,6.11,15320200000,1372300000,72204360000,+127.10%,+58.72%,2024-10-30,"Chemical - Specialty",0.90%,"Basic Materials"
ED,"Consolidated Edison Company",102.72,+12.92%,0.36,5.36,14663000000,2519000000,35621992000,+62.12%,+17.42%,2024-10-30,"Utility - Electric Power",3.21%,Utilities
EFX,"Equifax Inc",269.32,+8.91%,1.58,6.98,5265200000,545300000,33277396000,+255.58%,+64.20%,2024-10-30,"Financial Transaction Services",0.58%,"Business Services"
EG,"Everest Re Group",380,+7.47%,0.61,72.49,14587000000,2517000000,16222529000,+122.68%,-3.22%,2024-10-30,"Insurance - Multi Line",1.99%,Finance
EIX,"Edison International",83.24,+16.44%,0.91,5.01,16338000000,1407000000,32106756000,+33.01%,+32.76%,2024-10-30,"Utility - Electric Power",3.75%,Utilities
EL,"Estee Lauder Companies",87.15,-40.41%,1.01,2.6,15608000000,390000000,31836310000,+15.92%,-31.90%,2024-10-30,"Cosmetics & Toiletries",2.97%,"Consumer Staples"
ELV,"Elevance Health Inc",410.76,-12.89%,0.82,34.75,171340000000,5987000000,95220632000,+224.22%,-8.32%,2024-10-30,"Medical Services",1.55%,Medical
EMN,"Eastman Chemical Company",104.99,+16.89%,1.44,6.54,9210000000,894000000,12251602000,+29.97%,+39.63%,2024-10-30,"Chemical - Diversified",3.09%,"Basic Materials"
EMR,"Emerson Electric Company",109.02,+12.01%,1.3,5.3,15165000000,13219000000,62372760000,+70.18%,+23.26%,2024-10-30,"Machinery - Electrical",1.93%,"Industrial Products"
ENPH,"Enphase Energy Inc",82.47,-37.59%,1.72,0.74,2290790000,438940000,11223338000,+449.07%,+4.84%,2024-10-30,Solar,0.00%,Oils-Energy
EOG,"Eog Resources",120.52,-0.36%,1.28,12.49,24186000000,7594000000,68510608000,+26.80%,-3.93%,2024-10-30,"Oil - US Exploration & Product",4.27%,Oils-Energy
EPAM,"Epam Systems Inc",189.11,-36.40%,1.45,8.32,4690540000,417080000,11038559000,+296.12%,-11.11%,2024-10-30,"IT Services",0.00%,"Computers and Technology"
EQIX,"Equinix Inc",910.22,+13.02%,0.71,10.92,8188140000,969180000,86011616000,+335.72%,+27.24%,2024-10-30,"REIT - Equity Trust Retail",1.88%,Finance
EQR,"Equity Residential",73.95,+20.91%,0.89,2.51,2873960000,835440000,28147056000,+6.31%,+35.79%,2024-10-30,"REIT - Equity Trust Resident",3.62%,Finance
EQT,"Eqt Corp",38.57,-0.23%,1.06,1.52,6908920000,1735230000,16476096000,-24.75%,-6.34%,2024-10-30,"Oil - US Exploration & Product",1.69%,Oils-Energy
ERIE,"Erie Indemnity Company",450.23,+34.43%,0.43,10.14,3268940000,446060000,20918972000,+430.49%,+61.88%,2024-10-30,"Insurance - Brokers",1.13%,Finance
ES,"Eversource Energy",65.49,+6.11%,0.61,4.36,11910710000,-442240000.,23069202000,+32.71%,+22.66%,2024-10-30,"Utility - Electric Power",4.37%,Utilities
ESS,"Essex Property Trust",294.02,+18.59%,0.88,8.08,1669400000,405830000,19164578000,+45.73%,+39.98%,2024-10-30,"REIT - Equity Trust Resident",3.24%,Finance
ETN,"Eaton Corp",342.81,+42.35%,1.02,10.15,23196000000,3218000000,137563456000,+401.26%,+73.33%,2024-10-30,"Machinery - Electrical",1.06%,"Industrial Products"
ETR,"Entergy Corp",134.4,+32.82%,0.74,6.79,12147410000,2362310000,28681152000,+59.96%,+41.82%,2024-10-30,"Utility - Electric Power",3.37%,Utilities
EVRG,"Evergy Inc",60.06,+15.06%,0.62,3.59,5508200000,731300000,13776784000,+58.85%,+23.89%,2024-10-30,"Utility - Electric Power",4.29%,Utilities
EW,"Edwards Lifesciences Corp",68.63,-9.99%,1.13,2.67,6004800000,1402400000,41788492000,+240.54%,+10.05%,2024-10-30,"Medical Instruments",0.00%,Medical
EXC,"Exelon Corp",39.7,+10.58%,0.53,2.43,21727000000,2328000000,39569696000,+51.90%,+3.25%,2024-10-30,"Utility - Electric Power",3.79%,Utilities
EXPD,"Expeditors Intl",119.55,-6.01%,0.97,4.66,9300110000,752880000,16881732000,+180.24%,+9.70%,2024-10-30,"Transportation - Services",1.19%,Transportation
EXPE,"Expedia Group Inc",161.15,+6.17%,1.79,8.5,12839000000,797000000,20680236000,+89.66%,+69.72%,2024-10-30,"Internet Commerce",0.00%,Retail-Wholesale
EXR,"Extra Space Storage Inc",164.74,+2.75%,0.86,3.96,2560240000,803200000,35099680000,+183.25%,+58.51%,2024-10-30,"REIT - Equity Trust Other",3.91%,Finance
F,"Ford Motor Company",10.47,-14.11%,1.62,1.64,176191000000,4347000000,41382352000,-25.69%,+7.16%,2024-10-30,"Auto - Domestic",7.49%,Auto-Tires-Trucks
FANG,"Diamondback Energy",176.65,+13.91%,1.89,19.25,8412000000,3143000000,51768484000,+158.11%,+11.50%,2024-10-30,"Oil - US Exploration & Product",6.13%,Oils-Energy
FAST,"Fastenal Company",78.34,+20.95%,1.01,2.01,7346700000,1155000000,44461680000,+255.77%,+34.54%,2024-10-30,"Building Prds Retail - Wsale",2.50%,Retail-Wholesale
FCX,"Freeport-Mcmoran Inc",45.97,+7.99%,1.9,1.43,22855000000,1848000000,66914380000,+61.30%,+35.05%,2024-10-30,"Mining - Non Ferrous",1.29%,"Basic Materials"
FDS,"Factset Research Systems Inc",453.8,-4.87%,0.75,16.45,2203060000,537130000,17501824000,+245.25%,+6.21%,2024-10-30,"Business Information",0.88%,"Business Services"
FDX,"Fedex Corp",274.08,+8.34%,1.17,16.86,87693000000,4331000000,67198592000,+63.73%,+15.73%,2024-10-30,"Transportation - Air Freight",1.92%,Transportation
FE,"Firstenergy Corp",42.17,+15.03%,0.5,2.61,12870000000,1102000000,24666740000,+12.94%,+19.12%,2024-10-30,"Utility - Electric Power",3.90%,Utilities
FFIV,"F5 Inc",238.95,+33.51%,1.06,10.26,2813170000,394950000,14007394000,+94.30%,+60.13%,2024-10-30,"Internet - Software",0.00%,"Computers and Technology"
FI,"Fiserv Inc",199.81,+50.41%,0.93,8.5,19093000000,3068000000,114301520000,+475.16%,+76.92%,2024-10-30,"Financial Transaction Services",0.00%,"Business Services"
FICO,"Fair Isaac and Company",2006.99,+72.42%,1.35,17.96,1513560000,429380000,49573964000,"+3,121.49%",+135.76%,2024-10-30,"IT Services",0.00%,"Computers and Technology"
FIS,"Fidelity National Information Services",90.72,+51.02%,1.08,4.34,9821000000,-6654000000.,49106396000,+55.37%,+87.40%,2024-10-30,"Financial Transaction Services",1.78%,"Business Services"
FITB,"Fifth Third Bancorp",44.08,+27.81%,1.22,3.46,12641000000,2349000000,29782452000,+120.51%,+88.54%,2024-10-30,"Banks - Major Regional",3.23%,Finance
FMC,"FMC Corp",66.62,+5.66%,0.85,2.5,4486800000,1321500000,7511908000,+16.16%,+14.94%,2024-10-30,"Chemical - Diversified",3.86%,"Basic Materials"
FOX,"Fox Corp Cl B",38.95,+40.87%,0.81,3.42,13980000000,1501000000,17843000000,N/A,+43.09%,2024-10-30,"Broadcast - Radio & TV",1.37%,"Consumer Discretionary"
FOXA,"Fox Corp Cl A",42.03,+41.66%,0.76,3.42,13980000000,1501000000,19329534000,N/A,+42.04%,2024-10-30,"Broadcast - Radio & TV",1.26%,"Consumer Discretionary"
FRT,"Federal Realty Investment Trust",114.25,+10.87%,1.23,3.41,1132150000,236990000,9361246000,-13.32%,+30.21%,2024-10-30,"REIT - Equity Trust Retail",3.87%,Finance
FSLR,"First Solar Inc",197.5,+14.64%,1.44,11.2,3318600000,830780000,21374072000,+235.31%,+44.88%,2024-10-30,Solar,0.00%,Oils-Energy
FTNT,"Fortinet Inc",78.74,+34.53%,1,1.66,5304800000,1147800000,60710752000,"+1,411.32%",+39.81%,2024-10-30,"Internet - Software",0.00%,"Computers and Technology"
FTV,"Fortive Corp",72.09,-2.09%,1.12,3.59,6065300000,865800000,26135512000,N/A,+10.84%,2024-10-30,"Electronic Test Equipment",0.43%,"Computers and Technology"
GD,"General Dynamics Corp",301.37,+16.06%,0.61,13.13,42272000000,3315000000,82971896000,+115.63%,+26.11%,2024-10-30,"Aerospace - Defense",1.85%,Aerospace
GDDY,"Godaddy Inc",161.6,+52.22%,1.12,4.15,4254100000,1374800000,22745996000,N/A,+123.27%,2024-10-30,"Internet Services - Delivery",0.00%,"Computers and Technology"
GE,"GE Aerospace",174.64,+71.04%,1.18,4.2,67954000000,9480000000,188373264000,+36.12%,+98.80%,2024-10-30,"Transportation - Airline",0.64%,Transportation
GEHC,"GE Healthcare Technologies Inc",87.2,+12.78%,1.18,4.07,19552000000,1568000000,38939564000,N/A,+38.04%,2024-10-30,"Medical Information Systems",0.14%,Medical
GEN,"Gen Digital Inc",26.91,+17.92%,0.81,1.85,3812000000,616000000,16686884000,+8.42%,+61.62%,2024-10-30,"Technology Services",1.84%,"Business Services"
GEV,"GE Vernova Inc",297.6,N/A,N/A,0.65,33239000000,-438000000.,82356848000,N/A,N/A,2024-10-30,"Other Alt Energy",0.00%,Oils-Energy
GILD,"Gilead Sciences Inc",88.29,+8.99%,0.18,4.7,27116000000,5665000000,109658888000,-21.17%,+13.53%,2024-10-30,"Medical - Biomedical",3.47%,Medical
GIS,"General Mills",68.22,+4.73%,0.1,4.5,19857200000,2496600000,37723052000,+31.29%,+5.23%,2024-10-30,"Food - Misc & Diversified",3.50%,"Consumer Staples"
GL,"Globe Life Inc",107,-12.09%,0.81,12.04,5447530000,970760000,9604452000,+102.04%,-5.61%,2024-10-30,"Finance - Misc Services",0.88%,Finance
GLW,"Corning Inc",48.04,+57.77%,1.04,1.69,12588000000,581000000,41955020000,+135.14%,+80.20%,2024-10-30,"Communications Components",2.28%,"Computers and Technology"
GM,"General Motors Company",51.97,+44.68%,1.42,9.88,171842000000,10127000000,56673176000,+65.51%,+89.95%,2024-10-30,"Auto - Domestic",0.87%,Auto-Tires-Trucks
GNRC,"Generac Holdings Inc",165.15,+27.79%,1.38,5.94,4022670000,203090000,9961335000,+264.25%,+100.81%,2024-10-30,"Machinery - General Industrial",0.00%,"Industrial Products"
GOOG,"Alphabet Cl C",176.14,+24.98%,1.04,6.97,307394000000,73795000000,2106733440000,+530.11%,+40.07%,2024-10-30,"Internet - Services",0.23%,"Computers and Technology"
GOOGL,"Alphabet Cl A",174.46,+24.89%,1.04,6.97,307394000000,73795000000,2088760640000,+514.44%,+40.17%,2024-10-30,"Internet - Services",0.24%,"Computers and Technology"
GPC,"Genuine Parts Company",116.27,-16.05%,0.9,8.8,23090610000,1316520000,16306141000,+19.77%,-8.82%,2024-10-30,"Retail - Wholesale Auto Parts",3.37%,Retail-Wholesale
GPN,"Global Payments Inc",103.33,-18.64%,0.98,10.58,9654420000,986230000,25201984000,+156.72%,-0.45%,2024-10-30,"Financial Transaction Services",1.01%,"Business Services"
GRMN,"Garmin Ltd",204.92,+59.42%,0.99,6.13,5228250000,1289640000,31959422000,+269.36%,+102.33%,2024-10-30,"Electronics Products - Misc",1.78%,"Computers and Technology"
GS,"Goldman Sachs Group",524.4,+35.94%,1.36,34.08,46254000000,8516000000,165567632000,+176.01%,+74.32%,2024-10-30,"Finance - Investment Brokers",2.15%,Finance
GWW,"W.W. Grainger",1099.34,+32.66%,1.16,37.14,16478000000,1829000000,53628036000,+345.44%,+51.41%,2024-10-30,"Industrial Services",0.71%,"Industrial Products"
HAL,"Halliburton Company",27.69,-23.40%,1.88,3.21,23018000000,2638000000,24295456000,-49.78%,-29.76%,2024-10-30,"Oil - Field Services",2.43%,Oils-Energy
HAS,"Hasbro Inc",66.65,+30.53%,0.61,3.94,5003300000,-1489300000.,9148583000,+15.85%,+47.98%,2024-10-30,"Toys & Game & Hobby",4.27%,"Consumer Discretionary"
HBAN,"Huntington Bancshares Inc",15.74,+23.74%,1.04,1.18,10837000000,1951000000,22687002000,+58.83%,+64.64%,2024-10-30,"Banks - Midwest",3.97%,Finance
HCA,"Hca Holdings Inc",360.92,+33.34%,1.67,21.81,64968000000,5242000000,93079552000,+415.23%,+61.60%,2024-10-30,"Medical - Hospitals",0.72%,Medical
HD,"Home Depot",392.52,+13.27%,1,14.93,152669000000,15143000000,392420288000,+302.50%,+39.45%,2024-10-30,"Building Prds Retail - Wsale",2.24%,Retail-Wholesale
HES,"Hess Corp",134.27,-6.86%,1.15,9.05,10645000000,1382000000,41469196000,+58.32%,-7.51%,2024-10-30,"Oil - US Integrated",1.35%,Oils-Energy
HIG,"Hartford Financial Services Group",112.72,+40.23%,0.93,10.43,24527000000,2504000000,32508376000,+184.79%,+55.18%,2024-10-30,"Insurance - Multi Line",1.68%,Finance
HII,"Huntington Ingalls Industries",250.49,-3.52%,0.52,18.85,11454000000,681000000,9951198000,+136.71%,+15.25%,2024-10-30,"Aerospace - Defense",2.05%,Aerospace
HLT,"Hilton Inc",238.41,+30.93%,1.31,7.04,10235000000,1141000000,58299980000,+360.32%,+57.60%,2024-10-30,"Hotels & Motels",0.25%,"Consumer Discretionary"
HOLX,"Hologic Inc",81.15,+13.58%,0.98,3.96,4030400000,456000000,18774546000,+209.85%,+24.25%,2024-10-30,"Medical Instruments",0.00%,Medical
HON,"Honeywell International Inc",204.2,-2.63%,1.03,9.92,36662000000,5658000000,133937880000,+112.44%,+13.60%,2024-10-30,"Conglomerates - Div Operations",2.10%,Conglomerates
HPE,"Hewlett Packard Enterprise Comp",20.34,+19.79%,1.19,1.47,29135000000,2025000000,25804552000,N/A,+32.94%,2024-10-30,"Computer - Integrated Systems",2.62%,"Computers and Technology"
HPQ,"HP Inc",36.54,+21.44%,1.07,3.36,53718000000,3263000000,35715392000,+124.05%,+39.68%,2024-10-30,"Computer - Micro",2.97%,"Computers and Technology"
HRL,"Hormel Foods Corp",30.62,-4.64%,0.25,1.58,12110010000,793570000,16829292000,+13.60%,-4.49%,2024-10-30,"Food - Meat Products",3.68%,"Consumer Staples"
HSIC,"Henry Schein Inc",70.64,-6.70%,0.86,4.31,12339000000,416000000,8917709000,+50.07%,+6.79%,2024-10-30,"Medical - Dental Suppliers",0.00%,Medical
HST,"Host Marriott Financial Trust",17.75,-8.83%,1.32,1.07,5311000000,740000000,12376994000,-23.85%,+15.41%,2024-10-30,"REIT - Equity Trust Other",5.96%,Finance
HSY,"Hershey Foods Corp",177.5,-4.80%,0.37,8.96,11164990000,1861790000,36415884000,+85.07%,-4.56%,2024-10-30,"Food - Confectionery",2.95%,"Consumer Staples"
HUBB,"Hubbell Inc B",431.66,+31.23%,0.9,15.61,5372900000,759800000,23626078000,+280.62%,+52.35%,2024-10-30,"Machinery - Elect Utilities",1.11%,"Industrial Products"
HUM,"Humana Inc",266.32,-41.83%,0.5,21.86,106374000000,2489000000,31036022000,+91.80%,-48.58%,2024-10-30,"Medical - HMO",1.37%,Medical
HWM,"Howmet Aerospace Inc",101.14,+86.88%,1.46,2.23,6640000000,765000000,40851432000,N/A,+131.97%,2024-10-30,"Engineering & R&D Services",0.23%,"Industrial Products"
IBM,"International Business Machines",204.9,+25.28%,0.7,10.28,61860000000,7502000000,193837152000,+24.64%,+43.66%,2024-10-30,"Computer - Integrated Systems",3.16%,"Computers and Technology"
ICE,"Intercontinental Exchange",166.53,+29.67%,1.08,5.79,7988000000,2368000000,95720960000,+299.76%,+57.06%,2024-10-30,"Securities Exchanges",1.06%,Finance
IDXX,"Idexx Laboratories",451.08,-18.73%,1.33,10.1,3660950000,845040000,36859092000,+536.80%,+13.80%,2024-10-30,"Medical Instruments",0.00%,Medical
IEX,"Idex Corp",218.64,+0.70%,0.95,7.89,3273900000,596100000,15434329000,+191.87%,+14.75%,2024-10-30,"Machinery - General Industrial",1.33%,"Industrial Products"
IFF,"International Flavors & Fragrances",101.14,+24.91%,1.22,3.9,11479000000,-2567000000.,25905928000,+2.01%,+54.98%,2024-10-30,"Consumer Prdts - Misc Staple",1.98%,"Consumer Staples"
INCY,"Incyte Corp",73.93,+17.74%,0.73,0.08,3695650000,597600000,14175212000,+10.24%,+41.74%,2024-10-30,"Medical - Biomedical",0.00%,Medical
INTC,"Intel Corp",22.3,-55.62%,1.03,0.46,54228000000,1689000000,97920400000,-34.43%,-37.52%,2024-10-30,"Semi General",2.18%,"Computers and Technology"
INTU,"Intuit Inc",621.11,-0.63%,1.24,11.69,16285000000,2963000000,174818112000,+605.73%,+27.41%,2024-10-30,"Computer - Software",0.60%,"Computers and Technology"
INVH,"Invitation Homes Inc",33.23,-2.58%,1.01,0.77,2432280000,519470000,20344246000,N/A,+13.53%,2024-10-30,"REIT - Equity Trust Resident",4.16%,Finance
IP,"International Paper Company",49.03,+35.63%,1.04,1.77,18916000000,288000000,16427552000,-3.14%,+46.84%,2024-10-30,"Paper & Related Products",3.91%,"Basic Materials"
IPG,"Interpublic Group of Companies",29.95,-8.24%,1.09,2.85,10889300000,1098400000,11186445000,+54.46%,+7.12%,2024-10-30,"Advertising Marketing Services",4.33%,"Business Services"
IQV,"Iqvia Holdings Inc",216.04,-6.63%,1.49,9.68,14984000000,1358000000,39438784000,+269.05%,+21.95%,2024-10-30,"Medical Instruments",0.00%,Medical
IR,"Ingersoll Rand Inc",97.28,+25.78%,1.42,3.14,6876100000,778700000,39242856000,N/A,+60.61%,2024-10-30,"Machinery - General Industrial",0.08%,"Industrial Products"
IRM,"Iron Mountain Inc",127.64,+82.39%,1,1.82,5480290000,184230000,37429672000,+253.87%,+118.97%,2024-10-30,"REIT - Equity Trust Other",2.09%,Finance
ISRG,"Intuitive Surg Inc",513.77,+52.29%,1.39,5.37,7124100000,1798000000,183898784000,+832.62%,+98.76%,2024-10-30,"Medical Instruments",0.00%,Medical
IT,"Gartner Inc",517.95,+14.82%,1.32,11.75,5906960000,882470000,39936340000,+541.74%,+57.11%,2024-10-30,Consulting,0.00%,"Business Services"
ITW,"Illinois Tool Works Inc",264.33,+0.91%,1.1,9.95,16107000000,2957000000,76018272000,+190.31%,+18.23%,2024-10-30,"Machinery - General Industrial",2.23%,"Industrial Products"
IVZ,"Invesco Plc",17.81,-0.17%,1.44,1.67,5716400000,-96900000.,8069075000,-55.99%,+37.53%,2024-10-30,"Finance - Investment Mgmt",6.25%,Finance
J,"Jacobs Engineering Group Inc",141.4,+30.72%,0.72,7.79,16352410000,665780000,17746342000,+257.60%,+29.33%,2024-10-30,"Technology Services",18.78%,"Business Services"
JBHT,"J B Hunt Transport",181.88,-8.94%,1.15,5.5,12829670000,728290000,18091926000,+128.01%,+7.17%,2024-10-30,"Transportation - Truck",0.95%,Transportation
JBL,"Jabil Circuit",123.98,-2.68%,1.25,7.88,28883000000,1388000000,14162472000,+491.79%,+2.96%,2024-10-30,"Electronic Manufacturing",0.26%,"Computers and Technology"
JCI,"Johnson Controls Intl",76.32,+32.41%,1.29,3.48,26793000000,1849000000,51483836000,+77.78%,+56.97%,2024-10-30,"Building Products - Wood",1.92%,Construction
JKHY,"Jack Henry & Assoc",182.78,+11.85%,0.64,5.18,2215540000,381820000,13319018000,+205.55%,+30.75%,2024-10-30,"Electronic Misc Services",1.19%,"Computers and Technology"
JNJ,"Johnson & Johnson",160.61,+2.47%,0.52,10.24,85159000000,35153000000,385436352000,+49.02%,+9.24%,2024-10-30,"Large Cap Pharma",3.04%,Medical
JNPR,"Juniper Networks",38.95,+32.12%,0.93,1.09,5564500000,310200000,12850524000,+84.86%,+47.43%,2024-10-30,"Wireless Equipment",2.25%,"Computers and Technology"
JPM,"JP Morgan Chase & Company",224.41,+31.93%,1.11,17.37,239425000000,49552000000,634187264000,+271.05%,+63.30%,2024-10-30,"Finance - Investment Brokers",2.06%,Finance
K,Kellanova,80.85,+44.61%,0.39,3.83,13122000000,951000000,27771270000,+26.41%,+61.06%,2024-10-30,"Consumer Prdts - Misc Discr",2.83%,"Consumer Discretionary"
KDP,"Keurig Dr Pepper Inc",32.99,-0.99%,0.62,1.89,14814000000,2181000000,44600208000,-52.36%,+9.89%,2024-10-30,"Beverages - Soft",2.66%,"Consumer Staples"
KEY,Keycorp,17.49,+21.46%,1.25,1.02,10397000000,967000000,16392745000,+32.50%,+73.51%,2024-10-30,"Banks - Major Regional",4.72%,Finance
KEYS,"Keysight Technologies Inc",151.98,-4.47%,0.97,5.85,5464000000,1057000000,26946020000,N/A,+26.93%,2024-10-30,"Electronics - Measuring Inst",0.00%,"Computers and Technology"
KHC,"Kraft Heinz Company",33.73,-8.79%,0.49,2.97,26640000000,2855000000,42075952000,-40.14%,+6.67%,2024-10-30,"Food - Misc & Diversified",4.60%,"Consumer Staples"
KIM,"Kimco Realty Corp",24.02,+12.72%,1.5,0.54,1783400000,654270000,15956231000,-3.73%,+39.00%,2024-10-30,"REIT - Equity Trust Retail",4.44%,Finance
KKR,"KKR & Company LP",140.18,+69.20%,1.62,3.71,14499310000,3732260000,123647024000,+550.19%,+154.59%,2024-10-30,"Finance - Investment Mgmt",0.49%,Finance
KLAC,"K L A-Tencor Corp",691.8,+19.01%,1.27,23.76,9812250000,2761900000,93278096000,+774.04%,+50.54%,2024-10-30,"Electronics Products - Misc",0.83%,"Computers and Technology"
KMB,"Kimberly-Clark Corp",134.41,+10.62%,0.39,7.31,20431000000,1764000000,44857064000,+17.62%,+12.46%,2024-10-30,"Consumer Prdts - Misc Staple",3.60%,"Consumer Staples"
KMI,"Kinder Morgan",24.84,+40.82%,0.93,1.12,15334000000,2391000000,54718992000,-35.81%,+54.00%,2024-10-30,"Oil - Production & Pipeline",4.63%,Oils-Energy
KMX,"Carmax Inc",74.05,-3.51%,1.68,2.66,26536040000,479200000,11419448000,+32.45%,+22.05%,2024-10-30,"Retail - Wholesale Auto Parts",0.00%,Retail-Wholesale
KO,"Coca-Cola Company",65.92,+11.86%,0.6,2.82,45754000000,10714000000,282419168000,+57.40%,+17.40%,2024-10-30,"Beverages - Soft",2.92%,"Consumer Staples"
KR,"Kroger Company",55.74,+21.94%,0.47,4.65,150039000000,2164000000,40507984000,+100.11%,+24.00%,2024-10-30,"Retail - Supermarket",2.13%,Retail-Wholesale
KVUE,"Kenvue Inc",22.89,+6.32%,1.4,1.22,15444000000,1664000000,43627504000,N/A,+22.80%,2024-10-30,"Consumer Prdts - Misc Staple",3.53%,"Consumer Staples"
L,"Loews Corp",80.36,+15.48%,0.81,6.83,15901000000,1434000000,17508676000,+84.31%,+27.70%,2024-10-30,"Insurance - Multi Line",0.31%,Finance
LDOS,"Leidos Holdings Inc",185.74,+71.60%,0.7,8.94,15438000000,199000000,25037944000,+407.90%,+102.35%,2024-10-30,"Aerospace - Defense",0.82%,Aerospace
LEN,"Lennar Corp",171.5,+15.07%,1.61,15.02,34233370000,3938510000,46138776000,+298.10%,+64.08%,2024-10-30,"Building - Residential & Comm",1.18%,Construction
LH,"Laboratory Corp of America Holdings",230.56,+1.44%,1.05,14.42,12161600000,418000000,19151118000,+153.15%,+16.35%,2024-10-30,"Medical - Dental Suppliers",1.26%,Medical
LHX,"L3Harris Technologies Inc",245.41,+16.52%,0.73,12.99,19419000000,1227000000,46481936000,+252.60%,+40.75%,2024-10-30,"Aerospace - Defense",1.89%,Aerospace
LIN,"Linde Plc",473.4,+15.26%,0.94,14.82,32854000000,6199000000,226651584000,N/A,+24.95%,2024-10-30,"Chemical - Specialty",1.15%,"Basic Materials"
LKQ,"LKQ Corp",37.31,-21.93%,1.28,3.52,13866000000,936000000,9714704000,+30.59%,-14.01%,2024-10-30,"Auto - Truck Replacement Parts",3.21%,Auto-Tires-Trucks
LLY,"Eli Lilly and Company",846.83,+45.27%,0.42,9.09,34124100000,5240400000,858785984000,"+1,176.69%",+49.69%,2024-10-30,"Large Cap Pharma",0.56%,Medical
LMT,"Lockheed Martin Corp",545.94,+20.45%,0.47,28.18,67571000000,6920000000,129610736000,+186.48%,+22.45%,2024-10-30,"Aerospace - Defense",2.30%,Aerospace
LNT,"Alliant Energy Corp",59.28,+15.56%,0.58,2.72,4027000000,703000000,15313050000,+91.50%,+22.28%,2024-10-30,"Utility - Electric Power",3.17%,Utilities
LOW,"Lowe's Companies",261.39,+17.45%,1.1,11.99,86377000000,7726000000,149181312000,+356.98%,+39.24%,2024-10-30,"Building Prds Retail - Wsale",1.71%,Retail-Wholesale
LRCX,"Lam Research Corp",76.45,-2.40%,1.47,3.2,14905390000,3827770000,102383272000,+881.89%,+31.02%,2024-10-30,"Semi-Eqpt Wafer Fabrication",1.06%,"Computers and Technology"
LULU,"Lululemon Athletica",303.85,-40.57%,1.25,13.51,9619280000,1550190000,37424884000,+629.53%,-22.44%,2024-10-30,"Textile - Apparel",0.00%,"Consumer Staples"
LUV,"Southwest Airlines Company",31.47,+8.97%,1.17,0.74,26091000000,465000000,18591842000,-8.73%,+39.80%,2024-10-30,"Transportation - Airline",2.32%,Transportation
LVS,"Las Vegas Sands",52.93,+7.56%,1.12,2.31,10372000000,1221000000,38709136000,-14.99%,+10.69%,2024-10-30,Gaming,1.50%,"Consumer Discretionary"
LW,"Lamb Weston Holdings Inc",77.25,-28.53%,0.75,4.16,6467600000,725500000,11038512000,N/A,-13.71%,2024-10-30,"Food - Misc & Diversified",1.76%,"Consumer Staples"
LYB,"Lyondellbasell Industries NV",87.15,-8.34%,1.07,7.49,41107000000,2121000000,28341258000,-4.89%,-3.81%,2024-10-30,"Chemical - Diversified",5.94%,"Basic Materials"
LYV,"Live Nation Entertainment",117.2,+25.21%,1.35,1.06,22749070000,315840000,27364200000,+350.77%,+49.11%,2024-10-30,"Leisure & Recreation Services",0.00%,"Consumer Discretionary"
MA,"Mastercard Inc",513.69,+20.44%,1.1,13.47,25098000000,11195000000,467719200000,+513.36%,+37.93%,2024-10-30,"Financial Transaction Services",0.52%,"Business Services"
MAA,"Mid-America Apartment Communities",152.15,+13.16%,0.88,4.39,2148470000,552810000,17644768000,+115.33%,+29.48%,2024-10-30,"REIT - Equity Trust Resident",3.89%,Finance
MAR,"Marriot Int Cl A",264.26,+17.18%,1.59,10.31,23713000000,3083000000,74291112000,+248.86%,+40.50%,2024-10-30,"Hotels & Motels",0.87%,"Consumer Discretionary"
MAS,"Masco Corp",80.35,+19.96%,1.24,3.96,7967000000,908000000,17743644000,+264.07%,+55.03%,2024-10-30,"Building & Construction - Misc",1.42%,Construction
MCD,"McDonald's Corp",291.52,-1.68%,0.73,11.81,25493700000,8468800000,211616192000,+211.02%,+12.06%,2024-10-30,"Retail - Restaurants",2.26%,Retail-Wholesale
MCHP,"Microchip Technology",75.58,-16.19%,1.52,3.52,7634400000,1906900000,42410720000,+250.64%,+6.96%,2024-10-30,"Semi Analog & Mixed",2.27%,"Computers and Technology"
MCK,"Mckesson Corp",499.34,+7.85%,0.44,28.03,308951000000,3002000000,64732164000,+145.48%,+11.11%,2024-10-30,"Medical - Dental Suppliers",0.51%,Medical
MCO,"Moody's Corp",458.96,+17.51%,1.29,12.05,5916000000,1607000000,83442600000,+362.52%,+49.83%,2024-10-30,"Finance - Misc Services",0.72%,Finance
MDLZ,"Mondelez Intl Inc",69.79,-3.64%,0.54,3.47,36016000000,4959000000,92370432000,+97.93%,+5.77%,2024-10-30,"Food - Misc & Diversified",2.52%,"Consumer Staples"
MDT,"Medtronic Inc",90.5,+9.86%,0.84,5.24,32364000000,3677000000,115832416000,+32.78%,+29.34%,2024-10-30,"Medical Products",3.08%,Medical
MET,"Metlife Inc",83.18,+25.78%,1.04,8.01,66905000000,1578000000,58007920000,+71.76%,+39.99%,2024-10-30,"Insurance - Multi Line",2.57%,Finance
META,"Meta Platforms Inc",591.8,+67.19%,1.22,19.59,134902000000,39098000000,1500889856000,+689.17%,+95.53%,2024-10-30,"Internet - Software",0.25%,"Computers and Technology"
MGM,"MGM Resorts International",41.41,-7.32%,2.23,3.3,16164250000,1142180000,12755302000,+78.11%,+18.89%,2024-10-30,Gaming,0.00%,"Consumer Discretionary"
MHK,"Mohawk Industries",135.29,+30.71%,1.37,9.72,11135120000,-439520000.,8357851000,-4.75%,+70.24%,2024-10-30,"Textile - Home Furnishings",0.00%,"Consumer Discretionary"
MKC,"Mccormick & Company",77.94,+13.91%,0.77,3,6662200000,680600000,20792302000,+120.42%,+22.20%,2024-10-30,"Food - Misc & Diversified",2.17%,"Consumer Staples"
MKTX,"Marketaxess Holdings",293.61,+0.26%,1.08,6.94,752550000,258060000,11036039000,+354.15%,+37.10%,2024-10-30,"Securities Exchanges",1.01%,Finance
MLM,"Martin Marietta Materials",604.85,+21.23%,0.91,18.76,6777200000,1168900000,35684996000,+417.32%,+49.31%,2024-10-30,"Building - CMT & CNT & AG",0.52%,Construction
MMC,"Marsh & Mclennan Companies",221.02,+16.65%,0.94,8.61,22736000000,3756000000,108876840000,+306.51%,+17.40%,2024-10-30,"Insurance - Brokers",1.38%,Finance
MMM,"3M Company",127.56,+40.02%,0.95,8.72,32681000000,-6995000000.,70395144000,-0.45%,+70.99%,2024-10-30,"Conglomerates - Div Operations",2.17%,Conglomerates
MNST,"Monster Beverage Corp",52.6,-8.70%,0.74,1.62,7140030000,1630990000,51406472000,+212.85%,+3.79%,2024-10-30,"Beverages - Soft",0.00%,"Consumer Staples"
MO,"Altria Group",50.5,+25.19%,0.65,4.92,24483000000,8130000000,85225888000,+4.47%,+25.47%,2024-10-30,Tobacco,7.93%,"Consumer Staples"
MOH,"Molina Healthcare Inc",324.19,-10.27%,0.58,21.98,34072000000,1091000000,18483036000,+566.51%,-1.16%,2024-10-30,"Medical - HMO",0.00%,Medical
MOS,"Mosaic Company",27.17,-23.96%,1.35,2.58,13696100000,1164900000,8504448000,-38.68%,-18.85%,2024-10-30,Fertilizers,3.11%,"Basic Materials"
MPC,"Marathon Petroleum Corp",144.76,-2.43%,1.37,19.02,148379000000,9681000000,48622888000,+218.50%,-1.43%,2024-10-30,"Oil - Refining and Marketing",2.27%,Oils-Energy
MPWR,"Monolithic Power Sys",919.81,+45.82%,1.11,8.59,1821070000,427370000,45496820000,"+1,981.49%",+127.68%,2024-10-30,"Semi Analog & Mixed",0.51%,"Computers and Technology"
MRK,"Merck & Company",104.83,-3.84%,0.39,6.51,60115000000,365000000,262727968000,+80.93%,+2.09%,2024-10-30,"Large Cap Pharma",2.97%,Medical
MRNA,"Moderna Inc",54.72,-44.98%,1.66,-7.24,6848000000,-4714000000.,21226348000,N/A,-26.12%,2024-10-30,"Medical - Biomedical",0.00%,Medical
MRO,"Marathon Oil Corp",26.08,+7.95%,2.16,2.64,6407000000,1554000000,14476831000,-26.33%,-3.98%,2024-10-30,"Oil - US Integrated",1.70%,Oils-Energy
MS,"Morgan Stanley",117.92,+26.46%,1.36,6.85,54143000000,9087000000,193881936000,+237.40%,+67.05%,2024-10-30,"Finance - Investment Brokers",2.91%,Finance
MSCI,"MSCI Inc",569.09,+0.61%,1.11,14.29,2528920000,1148590000,45532844000,"+1,119.65%",+18.07%,2024-10-30,"Business Software Services",1.07%,"Computers and Technology"
MSFT,"Microsoft Corp",432.53,+15.02%,0.9,11.81,245122000000,88136000000,3211305280000,+821.26%,+28.23%,2024-10-30,"Computer - Software",0.69%,"Computers and Technology"
MSI,"Motorola Solutions",453,+44.69%,0.97,12.14,9978000000,1709000000,76451552000,+602.33%,+64.00%,2024-10-30,"Wireless Equipment",0.86%,"Computers and Technology"
MTB,"M&T Bank Corp",197.56,+44.12%,0.75,13.77,12752000000,2741000000,32656664000,+61.70%,+76.33%,2024-10-30,"Banks - Major Regional",2.71%,Finance
MTCH,"Match Group Inc",36.89,+1.07%,1.51,2.3,3364500000,651540000,9526641000,N/A,+8.37%,2024-10-30,"Internet Commerce",0.00%,Retail-Wholesale
MTD,"Mettler-Toledo International",1302.24,+7.36%,1.14,37.74,3788310000,788780000,27524638000,+403.83%,+35.32%,2024-10-30,"Industrial Scientific",0.00%,"Computers and Technology"
MU,"Micron Technology",104.08,+21.96%,1.18,0.57,25111000000,778000000,119943824000,+214.54%,+57.53%,2024-10-30,"Computer - Integrated Systems",0.43%,"Computers and Technology"
NCLH,"Norwegian Cruise Ord",23.84,+18.96%,2.71,0.97,8549920000,166180000,10600950000,-38.87%,+76.33%,2024-10-30,"Leisure & Recreation Services",0.00%,"Consumer Discretionary"
NDAQ,"Nasdaq Inc",75.55,+29.94%,0.95,2.78,6064000000,1059000000,43708084000,+423.93%,+54.47%,2024-10-30,"Securities Exchanges",1.21%,Finance
NDSN,"Nordson Corp",250.88,-5.03%,0.9,9.42,2628630000,487490000,14246321000,+227.73%,+18.25%,2024-10-30,"Machinery - General Industrial",1.13%,"Industrial Products"
NEE,"Nextera Energy",79.09,+30.21%,0.56,3.42,28114000000,7310000000,163607584000,+215.67%,+38.27%,2024-10-30,"Utility - Electric Power",2.53%,Utilities
NEM,"Newmont Mining Corp",46.94,+13.41%,0.5,2.58,11812000000,-2494000000.,54417904000,+150.21%,+21.29%,2024-10-30,"Mining - Gold",2.41%,"Basic Materials"
NFLX,"Netflix Inc",753.74,+54.81%,1.26,17.67,33723300000,5407990000,324628736000,"+1,243.33%",+83.80%,2024-10-30,"Broadcast - Radio & TV",0.00%,"Consumer Discretionary"
NI,"NiSource Inc",35.13,+32.32%,0.51,1.78,5505400000,714300000,15437714000,+112.57%,+39.85%,2024-10-30,"Utility - Electric Power",3.04%,Utilities
NKE,"Nike Inc",76.45,-29.58%,1.02,3.72,51362000000,5700000000,117549752000,+64.46%,-24.90%,2024-10-30,"Shoes and Related Apparel",1.89%,"Consumer Staples"
NOC,"Northrop Grumman Corp",505.34,+7.95%,0.34,25.95,39290000000,2056000000,73437568000,+266.29%,+7.82%,2024-10-30,"Aerospace - Defense",1.56%,Aerospace
NOW,"Servicenow Inc",950,+34.47%,0.99,6.51,8971000000,1731000000,196334480000,"+1,298.50%",+67.09%,2024-10-30,"IT Services",0.00%,"Computers and Technology"
NRG,"NRG Energy",88.45,+71.08%,1.1,5.04,28823000000,-202000000.,18182078000,+195.03%,+109.35%,2024-10-30,"Utility - Electric Power",1.82%,Utilities
NSC,"Norfolk Southern Corp",252.74,+6.92%,1.31,11.63,12156000000,1827000000,57105240000,+128.43%,+34.74%,2024-10-30,"Transportation - Rail",2.14%,Transportation
NTAP,"Netapp Inc",118.76,+34.71%,1.23,5.5,6268000000,986000000,24827890000,+177.48%,+66.84%,2024-10-30,"Computer - Storage Devices",1.68%,"Computers and Technology"
NTRS,"Northern Trust Corp",101.46,+20.24%,1.08,6.9,12116500000,1107300000,20631600000,+53.03%,+55.80%,2024-10-30,"Banks - Major Regional",2.93%,Finance
NUE,"Nucor Corp",142.7,-18.01%,1.55,10.79,34713500000,4524800000,34936152000,+163.97%,-4.20%,2024-10-30,"Steel - Producers",1.47%,"Basic Materials"
NVDA,"Nvidia Corp",139.34,+181.36%,1.67,2.1,60922000000,29760000000,3464862400000,"+28,423.03%",+238.51%,2024-10-30,"Semi General",0.02%,"Computers and Technology"
NVR,"NVR Inc",9083.1396,+29.75%,1.19,489.16,9518200000,1591610000,28131172000,+639.92%,+68.15%,2024-10-30,"Building - Residential & Comm",0.00%,Construction
NWS,"News Corp Cl B",29.15,+13.34%,1.36,0.7,10085000000,266000000,16574254000,+93.69%,+36.47%,2024-10-30,"Movie & TV Production & Dist",0.69%,"Consumer Discretionary"
NWSA,"News Corp Cl A",27.28,+11.12%,1.34,0.7,10085000000,266000000,15539429000,+76.23%,+32.30%,2024-10-30,"Movie & TV Production & Dist",0.73%,"Consumer Discretionary"
NXPI,"Nxp Semiconductors",245.32,+6.81%,1.49,12.33,13276000000,2797000000,65104660000,+257.30%,+44.15%,2024-10-30,"Semi Analog & Mixed",1.59%,"Computers and Technology"
O,"Realty Income Corp",60.48,+5.33%,0.99,1.08,4078990000,872310000,52609136000,+31.39%,+30.85%,2024-10-30,"REIT - Equity Trust Retail",5.15%,Finance
ODFL,"Old Dominion Freight Line Inc",203.82,+0.57%,0.99,5.72,5866150000,1239500000,43741644000,+739.11%,+7.52%,2024-10-30,"Transportation - Truck",0.49%,Transportation
OKE,"Oneok Inc",96.16,+36.94%,1.67,4.59,17677000000,2659000000,55808272000,+63.15%,+46.56%,2024-10-30,"Oil Gas Prod Pipeline MLP",4.11%,Oils-Energy
OMC,"Omnicom Group Inc",102.34,+18.30%,0.94,7.85,14692200000,1391400000,19843196000,+42.42%,+37.33%,2024-10-30,"Advertising Marketing Services",2.75%,"Business Services"
ON,"On Semiconductor",73.63,-11.85%,1.65,4.68,8253000000,2183700000,31998190000,+788.18%,+12.69%,2024-10-30,"Semi Analog & Mixed",0.00%,"Computers and Technology"
ORCL,"Oracle Corp",174.56,+65.57%,1.01,4.7,52961000000,10467000000,480585440000,+347.02%,+71.73%,2024-10-30,"Computer - Software",0.92%,"Computers and Technology"
ORLY,"O'Reilly Automotive",1162.21,+22.33%,0.92,40.42,15812250000,2346580000,68209256000,+560.80%,+24.95%,2024-10-30,"Retail - Wholesale Auto Parts",0.00%,Retail-Wholesale
OTIS,"Otis Worldwide Corp",98.28,+9.85%,1.03,3.76,14209000000,1406000000,40604260000,N/A,+28.40%,2024-10-30,"Building & Construction - Misc",1.44%,Construction
OXY,"Occidental Petroleum Corp",50.17,-15.98%,1.57,3.6,28257000000,4696000000,45353248000,-43.58%,-18.65%,2024-10-30,"Oil - US Integrated",1.68%,Oils-Energy
PANW,"Palo Alto Networks Inc",359.51,+21.92%,1.13,3.17,8027500000,2577600000,118970992000,+920.37%,+50.71%,2024-10-30,"Internet - Software",0.00%,"Computers and Technology"
PARA,"Paramount Global Cl B",10.66,-27.92%,1.75,1.5,29652000000,-608000000.,6980496000,-80.34%,-3.09%,2024-10-30,"Media Conglomerates",1.91%,"Consumer Discretionary"
PAYC,"Paycom Software Inc",172.25,-16.67%,1.17,8.2,1693670000,340790000,9622156000,+870.42%,-28.25%,2024-10-30,"Internet - Software",0.90%,"Computers and Technology"
PAYX,"Paychex Inc",141.39,+18.71%,1,4.74,5278300000,1690400000,51058728000,+201.21%,+27.87%,2024-10-30,Outsourcing,2.64%,"Business Services"
PCAR,"Paccar Inc",104.9,+7.42%,0.91,8.95,35127400000,4600800000,55918760000,+140.89%,+25.45%,2024-10-30,"Auto - Domestic",4.07%,Auto-Tires-Trucks
PCG,"Pacific Gas & Electric Company",20.19,+11.98%,1.01,1.39,24428000000,2256000000,52617928000,-59.88%,+24.63%,2024-10-30,"Utility - Electric Power",0.20%,Utilities
PEG,"Public Service Enterprise Group Inc",88.36,+44.50%,0.61,3.33,11237000000,2563000000,43917964000,+113.89%,+46.88%,2024-10-30,"Utility - Electric Power",2.69%,Utilities
PEP,"Pepsico Inc",166.21,-2.14%,0.53,7.98,91471000000,9074000000,229808160000,+72.83%,+2.42%,2024-10-30,"Beverages - Soft",3.13%,"Consumer Staples"
PFE,"Pfizer Inc",28.52,-0.94%,0.67,1.35,58496000000,2119000000,161274128000,-4.77%,-6.64%,2024-10-30,"Large Cap Pharma",5.87%,Medical
PFG,"Principal Financial Group Inc",84.46,+7.36%,1.19,6.87,13665800000,623200000,19490108000,+61.28%,+24.66%,2024-10-30,"Finance - Investment Mgmt",3.32%,Finance
PG,"Procter & Gamble Company",166.16,+13.39%,0.41,6.69,84039000000,14879000000,393692352000,+90.40%,+11.32%,2024-10-30,"Soap and Cleaning Products",2.37%,"Consumer Staples"
PGR,"Progressive Corp",243,+52.56%,0.35,12.92,62108500000,3902400000,141543984000,+820.11%,+56.58%,2024-10-30,"Insurance - Proprty & Casualty",0.48%,Finance
PH,"Parker-Hannifin Corp",624.29,+35.51%,1.43,25.39,19929610000,2844220000,80432888000,+391.45%,+68.93%,2024-10-30,"Machinery - General Industrial",1.00%,"Industrial Products"
PHM,Pultegroup,130.26,+26.20%,1.62,13.08,16061580000,2602370000,26574524000,+578.79%,+80.34%,2024-10-30,"Building - Residential & Comm",0.62%,Construction
PKG,"Packaging Corp of America",228.8,+40.45%,0.77,8.7,7802400000,765200000,20302898000,+217.43%,+50.82%,2024-10-30,"Containers - Paper Products",2.21%,"Industrial Products"
PLD,"Prologis Inc",115.87,-13.08%,1.07,3.31,8023470000,3059210000,106797240000,+178.20%,+17.18%,2024-10-30,"REIT - Equity Trust Other",3.25%,Finance
PLTR,"Palantir Technologies Inc Cl A",43.69,+154.46%,2.72,0.13,2225010000,209830000,100618672000,N/A,+197.41%,2024-10-30,"Technology Services",0.00%,"Business Services"
PM,"Philip Morris International Inc",132.11,+40.42%,0.55,6.36,35174000000,7813000000,204569408000,+48.42%,+47.79%,2024-10-30,Tobacco,3.99%,"Consumer Staples"
PNC,"PNC Bank",190.22,+22.84%,1.14,13.31,31882000000,5578000000,74669624000,+120.19%,+68.50%,2024-10-30,"Finance - Investment Brokers",3.35%,Finance
PNR,"Pentair Ltd",99.37,+36.67%,1.2,4.12,4104500000,622700000,16374392000,+48.20%,+69.26%,2024-10-30,"Machinery - Thermal Processing",0.93%,"Industrial Products"
PNW,"Pinnacle West Capital Corp",87.53,+21.84%,0.52,5.41,4695990000,501560000,9934233000,+42.39%,+17.73%,2024-10-30,"Utility - Electric Power",4.03%,Utilities
PODD,"Insulet Corp",230.58,+6.27%,1.21,3.39,1697100000,206300000,16292620000,+434.12%,+76.34%,2024-10-30,"Medical Products",0.00%,Medical
POOL,"Pool Corp",364.45,-8.59%,1.01,11.39,5541600000,523230000,13863165000,+510.47%,+15.10%,2024-10-30,"Leisure & Recreational Prdcts",1.27%,"Consumer Discretionary"
PPG,"PPG Industries",125.67,-15.97%,1.26,8.02,18246000000,1270000000,29352640000,+23.39%,+3.16%,2024-10-30,"Chemical - Specialty",2.08%,"Basic Materials"
PPL,"PPL Corp",32.24,+18.97%,0.82,1.75,8312000000,740000000,23697268000,-7.86%,+32.19%,2024-10-30,"Utility - Electric Power",3.15%,Utilities
PRU,"Prudential Financial Inc",126.64,+22.11%,1.3,12.53,53979000000,2488000000,44721392000,+43.03%,+39.66%,2024-10-30,"Insurance - Multi Line",4.11%,Finance
PSA,"Public Storage",335.83,+10.11%,0.68,10.67,4517690000,2148330000,57976464000,+82.18%,+40.62%,2024-10-30,"REIT - Equity Trust Other",3.62%,Finance
PSX,"Phillips 66",122.07,-8.31%,1.33,11.93,147399000000,7015000000,51597000000,+55.50%,+8.56%,2024-10-30,"Oil - Refining and Marketing",3.57%,Oils-Energy
PTC,"Ptc Inc",186.84,+6.79%,1.17,3.17,2097050000,245540000,22747562000,+389.75%,+34.03%,2024-10-30,"Computer - Software",0.00%,"Computers and Technology"
PWR,"Quanta Services",311.63,+44.41%,1.01,6.89,20882210000,744690000,46177640000,+814.41%,+89.14%,2024-10-30,"Engineering & R&D Services",0.11%,"Industrial Products"
PYPL,"Paypal Holdings",78.22,+27.37%,1.44,4.35,29771000000,4246000000,82072896000,N/A,+53.22%,2024-10-30,"Internet - Software",0.00%,"Computers and Technology"
QCOM,"Qualcomm Inc",167.62,+15.90%,1.28,7.78,35820000000,7232000000,196064000000,+113.50%,+55.45%,2024-10-30,"Wireless Equipment",1.88%,"Computers and Technology"
QRVO,"Qorvo Inc",73.04,-35.14%,1.45,5.53,3769510000,-70320000.,9531634000,N/A,-15.14%,2024-10-30,"Semi Radio Frequency",0.00%,"Computers and Technology"
RCL,"Royal Caribbean Cruises Ltd",208.36,+60.91%,2.61,10.08,13900000000,1697000000,54069024000,+206.55%,+142.67%,2024-10-30,"Leisure & Recreation Services",0.19%,"Consumer Discretionary"
REG,"Regency Centers Corp",72.7,+8.51%,1.21,2.09,1322470000,364560000,13145828000,+19.77%,+24.89%,2024-10-30,"REIT - Equity Trust Retail",3.70%,Finance
REGN,"Regeneron Pharmaceuticals",922.79,+5.07%,0.12,38.42,13117200000,3953600000,102224224000,+134.38%,+18.66%,2024-10-30,"Medical - Biomedical",0.00%,Medical
RF,"Regions Financial Corp",24.06,+24.15%,1.17,2.05,9153000000,2074000000,21844036000,+142.30%,+69.20%,2024-10-30,"Banks - Southeast",4.06%,Finance
RJF,"Raymond James Financial",149.05,+33.68%,1.02,10.05,12821000000,2068000000,30689624000,+298.32%,+56.09%,2024-10-30,"Finance - Investment Brokers",1.21%,Finance
RL,"Ralph Lauren Corp",201.69,+39.87%,1.49,10.68,6631400000,646300000,12608301000,+22.36%,+79.98%,2024-10-30,"Textile - Apparel",1.55%,"Consumer Staples"
RMD,"Resmed Inc",243.02,+41.27%,0.69,8.29,4685300000,1020950000,35876944000,+365.38%,+76.81%,2024-10-30,"Medical Products",0.81%,Medical
ROK,"Rockwell Automation Inc",266.63,-14.12%,1.36,10.89,9058000000,1387400000,30457948000,+137.32%,+1.20%,2024-10-30,"Electronics Products - Misc",1.86%,"Computers and Technology"
ROL,"Rollins Inc",46.81,+7.19%,0.7,0.97,3073280000,434960000,22917312000,+395.71%,+27.03%,2024-10-30,"Building - Maint & Service",1.27%,Construction
ROP,"Roper Industries",547.23,+0.38%,1.02,17.88,6177800000,1384200000,58845048000,+245.69%,+12.88%,2024-10-30,"IT Services",0.55%,"Computers and Technology"
ROST,"Ross Stores Inc",139.59,+0.87%,1.09,6.2,20376940000,1874520000,46118236000,+245.86%,+21.70%,2024-10-30,"Retail - Discount",1.03%,Retail-Wholesale
RSG,"Republic Services",198.81,+20.56%,0.69,6.01,14964500000,1731000000,64167232000,+417.73%,+35.02%,2024-10-30,"Waste Removal Svcs",1.07%,"Business Services"
RTX,"Rtx Corp",121.86,+44.83%,0.82,5.49,68920000000,3195000000,163435456000,+93.04%,+55.10%,2024-10-30,"Aerospace - Defense",1.99%,Aerospace
RVTY,"Revvity Inc",120.03,+9.81%,1.05,4.63,2750570000,693090000,14524164000,+176.44%,+46.24%,2024-10-30,"Medical Services",0.24%,Medical
SBAC,"SBA Communications",231.88,-8.60%,0.67,4.74,2711580000,501810000,24906636000,+106.43%,+13.16%,2024-10-30,"REIT - Equity Trust Other",1.64%,Finance
SBUX,"Starbucks Corp",97.32,+1.36%,0.97,3.57,35975600000,4124500000,110362336000,+157.60%,+4.48%,2024-10-30,"Retail - Restaurants",2.34%,Retail-Wholesale
SCHW,"The Charles Schwab Corp",71.1,+3.34%,0.97,2.92,18837000000,5067000000,127852408000,+147.99%,+40.10%,2024-10-30,"Finance - Investment Brokers",1.39%,Finance
SHW,"Sherwin-Williams Company",361.89,+16.03%,1.17,11.05,23051900000,2388800000,91075080000,+372.94%,+53.72%,2024-10-30,"Chemical - Specialty",0.76%,"Basic Materials"
SJM,"J.M. Smucker Company",113.92,-9.86%,0.24,10.17,8178700000,744000000,12107938000,+9.54%,+0.24%,2024-10-30,"Food - Misc & Diversified",3.74%,"Consumer Staples"
SLB,"Schlumberger N.V.",40.15,-22.85%,1.51,3.35,33135000000,4203000000,57093392000,-59.30%,-28.81%,2024-10-30,"Oil - Field Services",2.66%,Oils-Energy
SMCI,"Super Micro Computer",33.07,+16.34%,1.23,2,14942850000,1208150000,27474284000,+934.73%,+39.76%,2024-10-30,"Computer - Storage Devices",0.00%,"Computers and Technology"
SNA,"Snap-On Inc",333.05,+15.31%,0.98,19.11,4730200000,1011100000,17510032000,+152.04%,+30.87%,2024-10-30,"Tools - Hand Held",2.23%,"Consumer Discretionary"
SNPS,"Synopsys Inc",536.42,+4.18%,1.08,9.84,5842620000,1229890000,81294064000,"+1,208.98%",+16.38%,2024-10-30,"Computer - Software",0.00%,"Computers and Technology"
SO,"Southern Company",89.36,+27.44%,0.52,4.18,25253000000,3976000000,98211528000,+92.75%,+33.79%,2024-10-30,"Utility - Electric Power",3.16%,Utilities
SOLV,"Solventum Corporation",73.57,N/A,N/A,3.64,8241000000,692000000,12668350000,N/A,N/A,2024-10-30,"Medical Services",0.00%,Medical
SPG,"Simon Property Group",172.08,+20.64%,1.74,7.87,5658840000,2283130000,56072876000,-3.98%,+63.37%,2024-10-30,"REIT - Equity Trust Retail",4.59%,Finance
SPGI,"S&P Global Inc",485.94,+10.31%,1.18,15.07,12497000000,2626000000,151038528000,+437.07%,+40.82%,2024-10-30,"Business Information",0.75%,"Business Services"
SRE,Sempra,83.55,+11.80%,0.75,4.44,16720000000,3075000000,52899352000,+51.91%,+20.23%,2024-10-30,"Utility - Gas Distribution",2.94%,Utilities
STE,"Steris Corp",224.39,+2.07%,0.84,8.69,5138700000,378240000,22077384000,+263.09%,+7.31%,2024-10-30,"Medical Instruments",0.95%,Medical
STLD,"Steel Dynamics Inc",132.77,+12.42%,1.31,11.05,18795320000,2450880000,20855594000,+477.01%,+26.94%,2024-10-30,"Steel - Producers",1.34%,"Basic Materials"
STT,"State Street Corp",92.93,+19.97%,1.48,8.14,18366000000,1944000000,27717908000,+23.15%,+45.48%,2024-10-30,"Banks - Major Regional",3.05%,Finance
STX,"Seagate Technology Hldgs Plc",99.79,+16.89%,1.04,2.42,6551000000,335000000,21434332000,+58.83%,+45.85%,2024-10-30,"Computer - Integrated Systems",2.76%,"Computers and Technology"
STZ,"Constellation Brands Inc",235.47,-2.60%,1.75,13.34,9961800000,1727400000,42861340000,+157.23%,+0.59%,2024-10-30,"Beverages - Alcohol",1.61%,"Consumer Staples"
SW,"Smurfit Westrock Plc",50.07,N/A,1.05,2.09,4620000000,-22400000.,23220496000,N/A,N/A,2024-10-30,"Paper & Related Products",13.89%,"Basic Materials"
SWK,"Stanley Black & Decker Inc",93.87,-4.31%,1.24,3.62,15781100000,-281700000.,14455209000,+0.25%,+11.43%,2024-10-30,"Machinery - Tools & Related",3.46%,"Industrial Products"
SWKS,"Skyworks Solutions",89.99,-19.96%,1.2,5.99,4772400000,982800000,15656960000,+54.51%,+4.09%,2024-10-30,"Semi Radio Frequency",2.80%,"Computers and Technology"
SYF,"Synchrony Financial",56.31,+47.45%,1.61,5.7,20999000000,2238000000,21705928000,+108.40%,+98.76%,2024-10-30,"Finance - Misc Services",1.79%,Finance
SYK,"Stryker Corp",363.43,+21.36%,0.91,11.23,20498000000,3165000000,136809744000,+315.21%,+38.41%,2024-10-30,"Medical Products",0.89%,Medical
SYY,"Sysco Corp",74.25,+1.53%,1.2,4.31,78844000000,1955000000,36435124000,+92.66%,+13.29%,2024-10-30,"Food - Misc & Diversified",2.72%,"Consumer Staples"
T,"AT&T Inc",22.02,+31.23%,0.6,2.26,122428000000,14400000000,159036016000,-16.26%,+44.30%,2024-10-30,"Wireless National",5.00%,Utilities
TAP,"Molson Coors Brewing Company",55.48,-9.36%,0.81,5.98,11702100000,948900000,11556779000,-25.41%,-2.73%,2024-10-30,"Beverages - Alcohol",3.10%,"Consumer Staples"
TDG,"Transdigm Group Inc",1329.63,+31.44%,1.43,30.1,6585000000,1298000000,74973832000,+610.92%,+62.22%,2024-10-30,"Aerospace - Defense Equipment",0.00%,Aerospace
TDY,"Teledyne Technologies Inc",461.52,+3.41%,1.01,19.67,5635500000,885700000,21689062000,+345.35%,+23.94%,2024-10-30,"Aerospace - Defense Equipment",0.00%,Aerospace
TECH,"Bio-Techne Corp",76.02,-1.48%,1.27,1.61,1159060000,168110000,11222618000,+233.97%,+34.22%,2024-10-30,"Medical - Biomedical",0.45%,Medical
TEL,"Te Connectivity Ltd",151.79,+8.04%,1.33,7.39,16034000000,1910000000,46390196000,+148.31%,+30.47%,2024-10-30,"Electronics - Misc Components",1.62%,"Computers and Technology"
TER,"Teradyne Inc",109.48,+0.88%,1.49,3.06,2676300000,448750000,18478048000,+495.00%,+31.18%,2024-10-30,"Electronic Test Equipment",0.42%,"Computers and Technology"
TFC,"Truist Financial Corp",43.31,+17.31%,1.05,3.59,33246000000,-1091000000.,57703672000,+14.33%,+53.69%,2024-10-30,"Banks - Major Regional",4.83%,Finance
TFX,"Teleflex Inc",235.22,-5.66%,1.16,13.65,2974490000,356330000,11140344000,+106.12%,+31.12%,2024-10-30,"Medical Instruments",0.58%,Medical
TGT,"Target Corp",148.52,+4.28%,1.24,9.68,107412000000,4138000000,68147648000,+140.25%,+36.67%,2024-10-30,"Retail - Discount",2.99%,Retail-Wholesale
TJX,"TJX Companies",112.95,+20.40%,0.89,4.04,54217000000,4474000000,128701592000,+256.76%,+27.96%,2024-10-30,"Retail - Discount",1.24%,Retail-Wholesale
TMO,"Thermo Fisher Scientific Inc",550.62,+3.74%,0.77,21.43,42857000000,5995000000,209245952000,+368.33%,+26.84%,2024-10-30,"Medical Instruments",0.28%,Medical
TMUS,"T-Mobile US",222.77,+38.94%,0.51,8.77,78558000000,8317000000,262328096000,+663.17%,+57.36%,2024-10-30,"Wireless National",1.15%,Utilities
TPR,"Tapestry Inc",48.4,+31.49%,1.53,4.29,6671200000,816000000,11413252000,+40.78%,+72.49%,2024-10-30,"Retail - Apparel & Shoes",2.86%,Retail-Wholesale
TRGP,"Targa Resources",166.63,+91.82%,2.25,4.75,16060300000,828200000,36018944000,+29.54%,+99.32%,2024-10-30,"Oil Refining & Marketing MLP",1.52%,Oils-Energy
TRMB,"Trimble Navigation",61.36,+15.34%,1.49,2.08,3798700000,311300000,15057865000,+128.44%,+32.36%,2024-10-30,"Machinery - General Industrial",0.00%,"Industrial Products"
TROW,"T Rowe Price Group",111.81,+3.83%,1.41,8.53,6460500000,1788700000,25015562000,+36.20%,+24.21%,2024-10-30,"Finance - Investment Mgmt",4.40%,Finance
TRV,"The Travelers Companies Inc",250.09,+31.29%,0.62,19.45,41364000000,2991000000,56452816000,+148.11%,+51.10%,2024-10-30,"Insurance - Proprty & Casualty",1.65%,Finance
TSCO,"Tractor Supply Company",267.94,+24.61%,0.8,10.28,14555740000,1107230000,28995188000,+265.94%,+40.14%,2024-10-30,"Retail - Misc & Diversified",1.61%,Retail-Wholesale
TSLA,"Tesla Inc",257.55,+3.65%,2.29,1.96,96773000000,14999000000,833074688000,"+1,498.37%",+30.50%,2024-10-30,"Auto - Domestic",0.00%,Auto-Tires-Trucks
TSN,"Tyson Foods",58.83,+9.45%,0.78,2.55,52881000000,-648000000.,20769796000,+45.80%,+27.15%,2024-10-30,"Food - Meat Products",3.36%,"Consumer Staples"
TT,"Trane Technologies Plc",375.52,+53.96%,1.01,10.2,17677600000,2023900000,88144440000,+499.68%,+99.66%,2024-10-30,"Technology Services",0.84%,"Business Services"
TTWO,"Take-Two Interactive",162.89,+1.21%,0.86,0.73,5349600000,-3744200000.,28444924000,+515.84%,+22.15%,2024-10-30,"Toys & Game & Hobby",0.00%,"Consumer Discretionary"
TXN,"Texas Instruments",207.93,+21.98%,0.98,5.38,17519000000,6510000000,192797056000,+318.71%,+47.99%,2024-10-30,"Semi General",2.46%,"Computers and Technology"
TXT,"Textron Inc",82.06,+2.04%,1.23,5.74,13683000000,921000000,15169315000,+97.59%,+8.26%,2024-10-30,"Aerospace - Defense",0.10%,Aerospace
TYL,"Tyler Technologies",614.8,+47.04%,0.78,7,1951750000,165920000,26256322000,+449.32%,+67.17%,2024-10-30,"Business Software Services",0.00%,"Computers and Technology"
UAL,"United Airlines Holdings Inc",80.42,+94.91%,1.44,9.32,53717000000,2618000000,25300432000,+52.28%,+131.09%,2024-10-30,"Transportation - Airline",0.00%,Transportation
UBER,"Uber Technologies Inc",79.43,+29.01%,1.33,0.91,37281000000,1887000000,166415216000,N/A,+85.89%,2024-10-30,"Internet - Services",0.00%,"Computers and Technology"
UDR,"United Dominion Realty Trust",43.55,+13.74%,0.85,0.43,1627500000,444350000,14383625000,+44.06%,+37.73%,2024-10-30,"REIT - Equity Trust Resident",3.89%,Finance
UHS,"Universal Health Services",207.5,+36.12%,1.27,14.85,14281980000,717800000,13737539000,+100.08%,+67.57%,2024-10-30,"Medical - Hospitals",0.39%,Medical
ULTA,"Ulta Beauty Inc",376.11,-23.24%,1.32,24.92,11207300000,1291010000,17896162000,+211.32%,-0.83%,2024-10-30,"Retail - Misc & Diversified",0.00%,Retail-Wholesale
UNH,"Unitedhealth Group Inc",562.96,+6.93%,0.58,27.02,371622000000,22381000000,519080992000,+492.53%,+6.22%,2024-10-30,"Medical - HMO",1.42%,Medical
UNP,"Union Pacific Corp",232.17,-5.48%,1.05,10.89,24119000000,6379000000,140645568000,+99.37%,+12.81%,2024-10-30,"Transportation - Rail",2.26%,Transportation
UPS,"United Parcel Service",133.8,-14.90%,0.99,7.45,90958000000,6708000000,115046992000,+27.54%,-3.59%,2024-10-30,"Transportation - Air Freight",4.85%,Transportation
URI,"United Rentals",812.12,+41.63%,1.68,42.91,14332000000,2424000000,53313940000,+637.89%,+97.62%,2024-10-30,"Building & Construction - Misc",0.78%,Construction
USB,"U.S. Bancorp",48.68,+12.48%,1.03,3.9,40624000000,5429000000,75247992000,+14.27%,+55.48%,2024-10-30,"Banks - Major Regional",4.09%,Finance
V,"Visa Inc",290.16,+11.45%,0.96,9.67,32653000000,17273000000,513671648000,+380.74%,+24.49%,2024-10-30,"Financial Transaction Services",0.74%,"Business Services"
VICI,"Vici Properties Inc",32.42,+1.69%,0.93,2.55,3611990000,2513540000,33813216000,N/A,+19.28%,2024-10-30,"REIT - Equity Trust Other",5.20%,Finance
VLO,"Valero Energy Corp",128.73,-0.98%,1.39,11.22,144766000000,8835000000,40970196000,+157.00%,+3.61%,2024-10-30,"Oil - Refining and Marketing",3.31%,Oils-Energy
VLTO,"Veralto Corporation",103.24,+25.50%,N/A,3.45,5021000000,839000000,25593902000,N/A,+51.02%,2024-10-30,"Technology Services",0.35%,"Business Services"
VMC,"Vulcan Materials Company",276.23,+21.68%,0.82,6.9,7781900000,933200000,34276168000,+347.63%,+40.94%,2024-10-30,"Building - CMT & CNT & AG",0.70%,Construction
VRSK,"Verisk Analytics Inc",275.63,+15.39%,0.86,6.29,2681400000,614600000,37550084000,+342.07%,+22.78%,2024-10-30,"Business Information",0.57%,"Business Services"
VRSN,"Verisign Inc",177.39,-13.87%,0.9,7.92,1493100000,817600000,17179796000,+196.84%,-10.47%,2024-10-30,"Internet Software Services",0.00%,"Computers and Technology"
VRTX,"Vertex Pharmaceutic",475.08,+16.76%,0.4,-1.74,9869200000,3619600000,121400848000,+321.77%,+32.91%,2024-10-30,"Medical - Biomedical",0.00%,Medical
VST,"Vistra Energy Corp",124.11,+222.20%,1.1,1.9,14779000000,1493000000,43515440000,+150.41%,+280.94%,2024-10-30,"Utility - Electric Power",0.68%,Utilities
VTR,"Ventas Inc",66.48,+33.39%,1.36,-0.36,4497830000,-40970000.,27280558000,-2.96%,+60.00%,2024-10-30,"REIT - Equity Trust Other",2.73%,Finance
VTRS,"Viatris Inc",11.89,+9.79%,0.93,2.75,15426900000,54700000,14012781000,-77.80%,+34.50%,2024-10-30,"Medical Services",4.09%,Medical
VZ,"Verizon Communications Inc",41.28,+9.50%,0.42,4.57,133974000000,11614000000,173983840000,-17.85%,+19.24%,2024-10-30,"Wireless National",6.47%,Utilities
WAB,"Wabtec Corp",189.33,+49.20%,1.27,7.39,9677000000,815000000,32674568000,+119.39%,+79.39%,2024-10-30,"Transportation - Equip & Lease",0.41%,Transportation
WAT,"Waters Corp",326.59,-0.80%,0.95,11.3,2956420000,642230000,19273058000,+194.76%,+37.98%,2024-10-30,"Medical Instruments",0.00%,Medical
WBA,"Walgreens Boots Alliance",9.24,-64.61%,0.7,2.88,147658000000,-8636000000.,8084170000,-85.61%,-56.21%,2024-10-30,"Retail - Drug Stores",13.16%,Retail-Wholesale
WBD,"Discovery Inc Series A",7.77,-31.72%,1.48,-4.8,41321000000,-3126000000.,18511904000,N/A,-21.12%,2024-10-30,"Broadcast - Radio & TV",0.00%,"Consumer Discretionary"
WDC,"Western Digital Corp",67.02,+27.97%,1.39,2.31,13003000000,-798000000.,23609536000,-31.87%,+60.33%,2024-10-30,"Computer - Storage Devices",0.00%,"Computers and Technology"
WEC,"Wisconsin Energy Corp",96.03,+14.09%,0.44,4.74,8893000000,1332900000,30131812000,+93.37%,+17.68%,2024-10-30,"Utility - Electric Power",3.45%,Utilities
WELL,"Welltower Inc",138.45,+53.54%,1.21,1.03,6638000000,340090000,83660384000,+94.70%,+69.11%,2024-10-30,"REIT - Equity Trust Other",1.82%,Finance
WFC,"Wells Fargo & Company",65.41,+32.89%,1.16,5.4,115340000000,19142000000,222266208000,+23.21%,+65.89%,2024-10-30,"Finance - Investment Brokers",2.22%,Finance
WM,"Waste Management",214.82,+19.94%,0.74,6.94,20426000000,2304000000,87932128000,+339.39%,+31.99%,2024-10-30,"Waste Removal Svcs",1.35%,"Business Services"
WMB,"Williams Companies",52.49,+50.70%,1.05,1.95,10907000000,3179000000,63180208000,-5.44%,+53.35%,2024-10-30,"Oil - Production & Pipeline",3.61%,Oils-Energy
WMT,"Walmart Inc",81.39,+54.88%,0.51,2.38,648125000000,15511000000,656725056000,+220.14%,+49.78%,2024-10-30,"Retail - Supermarket",0.99%,Retail-Wholesale
WRB,"W.R. Berkley Corp",58.02,+23.06%,0.62,3.98,12142940000,1381360000,21927348000,+279.93%,+30.46%,2024-10-30,"Insurance - Proprty & Casualty",2.12%,Finance
WST,"West Pharmaceutical Services",313.02,-11.10%,1.01,6.76,2949800000,593400000,23059884000,+510.77%,-2.14%,2024-10-30,"Medical - Dental Suppliers",0.25%,Medical
WTW,"Willis Towers Watson Public Ltd",293.54,+21.70%,0.74,15.52,9483000000,1055000000,29672630000,+166.15%,+26.10%,2024-10-30,"Insurance - Brokers",1.19%,Finance
WY,"Weyerhaeuser Company",31.72,-8.77%,1.4,0.58,7674000000,839000000,22436850000,-6.32%,+11.10%,2024-10-30,"Building Products - Wood",3.01%,Construction
WYNN,"Wynn Resorts Ltd",98.49,+8.10%,1.81,5.61,6531900000,729990000,10988208000,-48.17%,+11.82%,2024-10-30,Gaming,1.01%,"Consumer Discretionary"
XEL,"XCEL Energy Inc",63.05,+1.84%,0.39,3.48,14206000000,1771000000,35312112000,+88.38%,+7.34%,2024-10-30,"Utility - Electric Power",3.41%,Utilities
XOM,"Exxon Mobil Corp",116.69,+16.71%,0.89,8.95,344582000000,36010000000,462435872000,+20.66%,+10.21%,2024-10-30,"Oil - International Integrated",3.24%,Oils-Energy
XYL,"Xylem Inc",130.22,+13.87%,1.04,3.97,7364000000,609000000,31549372000,+258.14%,+45.87%,2024-10-30,"Machinery - General Industrial",1.09%,"Industrial Products"
YUM,"Yum! Brands",133.39,+2.09%,1.08,5.2,7076000000,1597000000,37667676000,+158.13%,+11.28%,2024-10-30,"Retail - Restaurants",1.95%,Retail-Wholesale
ZBH,"Zimmer Biomet Holdings",109.81,-9.77%,1.02,7.8,7394200000,1024000000,21155368000,-1.29%,+6.19%,2024-10-30,"Medical Products",0.92%,Medical
ZBRA,"Zebra Technologies",383.89,+40.45%,1.66,7.09,4584000000,296000000,19841796000,+420.53%,+83.01%,2024-10-30,"Machinery - Thermal Processing",0.00%,"Industrial Products"
ZTS,"Zoetis Inc Cl A",182.74,-7.41%,0.89,5.54,8544000000,2344000000,82124552000,+391.77%,+16.39%,2024-10-30,"Medical - Drugs",0.92%,Medical
"Downloaded from Barchart.com as of 10-31-2024 12:20am CDT"
